ISO-10303-21;
HEADER;
FILE_DESCRIPTION (( 'STEP AP214' ),
    '1' );
FILE_NAME ('machined_part.STEP',
    '2026-08-15T10:30:32',
    ( '' ),
    ( '' ),
    'SwSTEP 2.0',
    'SolidWorks 2023',
    '' );
FILE_SCHEMA (( 'AUTOMOTIVE_DESIGN' ));
ENDSEC;

DATA;
#1 = ORIENTED_EDGE ( 'NONE', *, *, #644, .T. ) ;
#2 = CARTESIAN_POINT ( 'NONE',  ( -18.30842236665626643, 40.00000000000000000, -33.06555719779858293 ) ) ;
#3 = DIRECTION ( 'NONE',  ( -0.000000000000000000, 1.000000000000000000, -0.000000000000000000 ) ) ;
#4 = AXIS2_PLACEMENT_3D ( 'NONE', #634, #492, #1064 ) ;
#5 = ORIENTED_EDGE ( 'NONE', *, *, #551, .F. ) ;
#6 = ORIENTED_EDGE ( 'NONE', *, *, #322, .F. ) ;
#7 = AXIS2_PLACEMENT_3D ( 'NONE', #672, #125, #698 ) ;
#8 = CARTESIAN_POINT ( 'NONE',  ( -35.00000000000000000, 50.00000000000000000, 40.00000000000000711 ) ) ;
#9 = DIRECTION ( 'NONE',  ( 1.000000000000000000, 0.000000000000000000, 3.097720492815724577E-17 ) ) ;
#10 = AXIS2_PLACEMENT_3D ( 'NONE', #77, #1065, #1630 ) ;
#11 = DIRECTION ( 'NONE',  ( 0.000000000000000000, 0.000000000000000000, 1.000000000000000000 ) ) ;
#12 = EDGE_CURVE ( 'NONE', #1551, #1724, #30, .T. ) ;
#13 = FACE_OUTER_BOUND ( 'NONE', #1588, .T. ) ;
#14 = DIRECTION ( 'NONE',  ( -1.000000000000000000, 0.000000000000000000, 0.000000000000000000 ) ) ;
#15 = ORIENTED_EDGE ( 'NONE', *, *, #1567, .F. ) ;
#16 = VERTEX_POINT ( 'NONE', #1316 ) ;
#17 = CARTESIAN_POINT ( 'NONE',  ( -90.00000000000000000, 40.00000000000000000, -36.99999999999999289 ) ) ;
#18 = LINE ( 'NONE', #720, #743 ) ;
#19 = DIRECTION ( 'NONE',  ( 0.000000000000000000, 0.000000000000000000, 1.000000000000000000 ) ) ;
#20 = AXIS2_PLACEMENT_3D ( 'NONE', #96, #1812, #534 ) ;
#21 = CONICAL_SURFACE ( 'NONE', #1748, 9.999999999999998224, 0.7853981633974498333 ) ;
#22 = DIRECTION ( 'NONE',  ( -0.000000000000000000, 1.000000000000000000, -0.000000000000000000 ) ) ;
#23 = AXIS2_PLACEMENT_3D ( 'NONE', #693, #684, #426 ) ;
#24 = ORIENTED_EDGE ( 'NONE', *, *, #551, .T. ) ;
#25 = EDGE_CURVE ( 'NONE', #491, #196, #1096, .T. ) ;
#26 = AXIS2_PLACEMENT_3D ( 'NONE', #460, #22, #33 ) ;
#27 = DIRECTION ( 'NONE',  ( 0.000000000000000000, 0.000000000000000000, 1.000000000000000000 ) ) ;
#28 = ADVANCED_FACE ( 'NONE', ( #883 ), #21, .F. ) ;
#29 = ORIENTED_EDGE ( 'NONE', *, *, #1256, .F. ) ;
#30 = LINE ( 'NONE', #8, #54 ) ;
#31 = CARTESIAN_POINT ( 'NONE',  ( 68.87682726358337959, 0.000000000000000000, 19.55329780704928666 ) ) ;
#32 = DIRECTION ( 'NONE',  ( 0.000000000000000000, -0.000000000000000000, 1.000000000000000000 ) ) ;
#33 = DIRECTION ( 'NONE',  ( 0.000000000000000000, 0.000000000000000000, 1.000000000000000000 ) ) ;
#34 = VERTEX_POINT ( 'NONE', #1716 ) ;
#35 = LINE ( 'NONE', #1431, #470 ) ;
#36 = ADVANCED_FACE ( 'NONE', ( #599 ), #751, .F. ) ;
#37 = ORIENTED_EDGE ( 'NONE', *, *, #1818, .F. ) ;
#38 = CIRCLE ( 'NONE', #1080, 9.999999999999998224 ) ;
#39 = DIRECTION ( 'NONE',  ( 1.000000000000000000, -0.000000000000000000, -0.000000000000000000 ) ) ;
#40 = CARTESIAN_POINT ( 'NONE',  ( 49.82682726358336822, 0.000000000000000000, 12.82229780704935429 ) ) ;
#41 = DIRECTION ( 'NONE',  ( 0.000000000000000000, 1.000000000000000000, 0.000000000000000000 ) ) ;
#42 = DIRECTION ( 'NONE',  ( 0.000000000000000000, 0.000000000000000000, 1.000000000000000000 ) ) ;
#43 = AXIS2_PLACEMENT_3D ( 'NONE', #1195, #496, #370 ) ;
#44 = AXIS2_PLACEMENT_3D ( 'NONE', #433, #1459, #1009 ) ;
#45 = LINE ( 'NONE', #613, #1512 ) ;
#46 = ORIENTED_EDGE ( 'NONE', *, *, #477, .F. ) ;
#47 = DIRECTION ( 'NONE',  ( -0.000000000000000000, 1.000000000000000000, -0.000000000000000000 ) ) ;
#48 = FACE_OUTER_BOUND ( 'NONE', #1046, .T. ) ;
#49 = DIRECTION ( 'NONE',  ( 1.000000000000000000, 0.000000000000000000, -1.196361017915039239E-16 ) ) ;
#50 = EDGE_CURVE ( 'NONE', #1129, #425, #1780, .T. ) ;
#51 = FACE_OUTER_BOUND ( 'NONE', #1544, .T. ) ;
#52 = VERTEX_POINT ( 'NONE', #1164 ) ;
#53 = PLANE ( 'NONE',  #1632 ) ;
#54 = VECTOR ( 'NONE', #719, 999.9999999999998863 ) ;
#55 = CIRCLE ( 'NONE', #1100, 3.000000000000001332 ) ;
#56 = EDGE_LOOP ( 'NONE', ( #270, #692, #1400, #93 ) ) ;
#57 = CARTESIAN_POINT ( 'NONE',  ( -80.00000000000001421, 50.00000000000000000, 20.99450000000000571 ) ) ;
#58 = CARTESIAN_POINT ( 'NONE',  ( 9.999999999999994671, 0.000000000000000000, 35.50000000000000000 ) ) ;
#59 = DIRECTION ( 'NONE',  ( 0.000000000000000000, 1.000000000000000000, 0.000000000000000000 ) ) ;
#60 = EDGE_CURVE ( 'NONE', #795, #34, #1597, .T. ) ;
#61 = DIRECTION ( 'NONE',  ( 0.000000000000000000, 0.000000000000000000, -1.000000000000000000 ) ) ;
#62 = ADVANCED_FACE ( 'NONE', ( #902, #1015 ), #872, .F. ) ;
#63 = EDGE_LOOP ( 'NONE', ( #767, #940, #1704, #992 ) ) ;
#64 = DIRECTION ( 'NONE',  ( 1.734723475976807094E-15, 0.000000000000000000, 1.000000000000000000 ) ) ;
#65 = ORIENTED_EDGE ( 'NONE', *, *, #919, .F. ) ;
#66 = DIRECTION ( 'NONE',  ( 0.000000000000000000, 0.000000000000000000, 1.000000000000000000 ) ) ;
#67 = CARTESIAN_POINT ( 'NONE',  ( -35.00000000000000000, 50.00000000000000000, 5.000000000000008882 ) ) ;
#68 = CARTESIAN_POINT ( 'NONE',  ( 9.999999999999994671, 50.00000000000000000, 30.00000000000001066 ) ) ;
#69 = VECTOR ( 'NONE', #934, 1000.000000000000000 ) ;
#70 = DIRECTION ( 'NONE',  ( 1.000000000000000000, -0.000000000000000000, -0.000000000000000000 ) ) ;
#71 = EDGE_CURVE ( 'NONE', #1724, #1624, #1242, .T. ) ;
#72 = VECTOR ( 'NONE', #1664, 1000.000000000000000 ) ;
#73 = ORIENTED_EDGE ( 'NONE', *, *, #1234, .F. ) ;
#74 = CYLINDRICAL_SURFACE ( 'NONE', #1421, 3.000000000000001776 ) ;
#75 = VERTEX_POINT ( 'NONE', #17 ) ;
#76 = FACE_OUTER_BOUND ( 'NONE', #957, .T. ) ;
#77 = CARTESIAN_POINT ( 'NONE',  ( -17.68468729420298757, 40.00000000000000000, -32.99999999999999289 ) ) ;
#78 = CARTESIAN_POINT ( 'NONE',  ( -35.00000000000000000, 0.000000000000000000, 24.50000000000002132 ) ) ;
#79 = PLANE ( 'NONE',  #970 ) ;
#80 = ORIENTED_EDGE ( 'NONE', *, *, #528, .T. ) ;
#81 = CARTESIAN_POINT ( 'NONE',  ( 80.00000000000001421, 44.70000000000000284, -29.99999999999999645 ) ) ;
#82 = EDGE_CURVE ( 'NONE', #1552, #196, #589, .T. ) ;
#83 = VERTEX_POINT ( 'NONE', #1326 ) ;
#84 = AXIS2_PLACEMENT_3D ( 'NONE', #1441, #328, #166 ) ;
#85 = DIRECTION ( 'NONE',  ( -1.734723475976807094E-15, 0.000000000000000000, 1.000000000000000000 ) ) ;
#86 = CARTESIAN_POINT ( 'NONE',  ( -99.99999999999998579, 0.000000000000000000, 50.00000000000000711 ) ) ;
#87 = LINE ( 'NONE', #1611, #424 ) ;
#88 = EDGE_CURVE ( 'NONE', #928, #1624, #447, .T. ) ;
#89 = CONICAL_SURFACE ( 'NONE', #44, 4.249999999999996447, 1.029744258676652535 ) ;
#90 = DIRECTION ( 'NONE',  ( -0.000000000000000000, 1.000000000000000000, -0.000000000000000000 ) ) ;
#91 = ORIENTED_EDGE ( 'NONE', *, *, #710, .F. ) ;
#92 = LINE ( 'NONE', #663, #1453 ) ;
#93 = ORIENTED_EDGE ( 'NONE', *, *, #404, .T. ) ;
#94 = DIRECTION ( 'NONE',  ( 0.000000000000000000, 0.000000000000000000, 1.000000000000000000 ) ) ;
#95 = FACE_OUTER_BOUND ( 'NONE', #113, .T. ) ;
#96 = CARTESIAN_POINT ( 'NONE',  ( -40.00000000000000711, 50.00000000000000000, 9.000000000000007105 ) ) ;
#97 = CARTESIAN_POINT ( 'NONE',  ( -35.00000000000000000, 0.000000000000000000, 35.50000000000000000 ) ) ;
#98 = VECTOR ( 'NONE', #1650, 1000.000000000000000 ) ;
#99 = DIRECTION ( 'NONE',  ( 0.000000000000000000, 0.000000000000000000, -1.000000000000000000 ) ) ;
#100 = EDGE_LOOP ( 'NONE', ( #1819, #1119, #1462, #565 ) ) ;
#101 = DIRECTION ( 'NONE',  ( 0.000000000000000000, 1.000000000000000000, 0.000000000000000000 ) ) ;
#102 = ORIENTED_EDGE ( 'NONE', *, *, #404, .F. ) ;
#103 = AXIS2_PLACEMENT_3D ( 'NONE', #40, #505, #1760 ) ;
#104 = ORIENTED_EDGE ( 'NONE', *, *, #503, .F. ) ;
#105 = FACE_BOUND ( 'NONE', #533, .T. ) ;
#106 = DIRECTION ( 'NONE',  ( -1.000000000000000000, 0.000000000000000000, -0.000000000000000000 ) ) ;
#107 = EDGE_CURVE ( 'NONE', #550, #149, #1183, .T. ) ;
#108 = DIRECTION ( 'NONE',  ( -0.000000000000000000, 1.000000000000000000, -0.000000000000000000 ) ) ;
#109 = ORIENTED_EDGE ( 'NONE', *, *, #694, .T. ) ;
#110 = DIRECTION ( 'NONE',  ( -0.000000000000000000, 1.000000000000000000, -0.000000000000000000 ) ) ;
#111 = VERTEX_POINT ( 'NONE', #1589 ) ;
#112 = VECTOR ( 'NONE', #1707, 1000.000000000000000 ) ;
#113 = EDGE_LOOP ( 'NONE', ( #405, #717, #882, #1021 ) ) ;
#114 = CARTESIAN_POINT ( 'NONE',  ( 68.87682726358337959, 50.00000000000000000, 19.55329780704928666 ) ) ;
#115 = LINE ( 'NONE', #397, #352 ) ;
#116 = CIRCLE ( 'NONE', #293, 9.005499999999999616 ) ;
#117 = FACE_OUTER_BOUND ( 'NONE', #1197, .T. ) ;
#118 = EDGE_CURVE ( 'NONE', #34, #1429, #1047, .T. ) ;
#119 = ORIENTED_EDGE ( 'NONE', *, *, #1796, .T. ) ;
#120 = LINE ( 'NONE', #707, #1368 ) ;
#121 = ADVANCED_FACE ( 'NONE', ( #524 ), #1341, .F. ) ;
#122 = ORIENTED_EDGE ( 'NONE', *, *, #1220, .T. ) ;
#123 = ORIENTED_EDGE ( 'NONE', *, *, #1425, .F. ) ;
#124 = FACE_OUTER_BOUND ( 'NONE', #1503, .T. ) ;
#125 = DIRECTION ( 'NONE',  ( -0.000000000000000000, 1.000000000000000000, -0.000000000000000000 ) ) ;
#126 = ORIENTED_EDGE ( 'NONE', *, *, #1829, .F. ) ;
#127 = EDGE_CURVE ( 'NONE', #557, #1136, #1333, .T. ) ;
#128 = CARTESIAN_POINT ( 'NONE',  ( -35.00000000000000000, 50.00000000000000000, 35.50000000000000000 ) ) ;
#129 = EDGE_CURVE ( 'NONE', #231, #1070, #657, .T. ) ;
#130 = ORIENTED_EDGE ( 'NONE', *, *, #1571, .T. ) ;
#131 = AXIS2_PLACEMENT_3D ( 'NONE', #1774, #61, #353 ) ;
#132 = VERTEX_POINT ( 'NONE', #1499 ) ;
#133 = CARTESIAN_POINT ( 'NONE',  ( -65.00000000000000000, 50.00000000000000000, -4.999999999999990230 ) ) ;
#134 = CARTESIAN_POINT ( 'NONE',  ( -40.00000000000000711, 40.00000000000000000, 9.000000000000007105 ) ) ;
#135 = ORIENTED_EDGE ( 'NONE', *, *, #925, .F. ) ;
#136 = LINE ( 'NONE', #1265, #563 ) ;
#137 = EDGE_CURVE ( 'NONE', #52, #241, #1481, .T. ) ;
#138 = EDGE_LOOP ( 'NONE', ( #816, #769, #837, #251 ) ) ;
#139 = ORIENTED_EDGE ( 'NONE', *, *, #794, .T. ) ;
#140 = AXIS2_PLACEMENT_3D ( 'NONE', #1734, #1463, #1297 ) ;
#141 = CARTESIAN_POINT ( 'NONE',  ( -80.00000000000001421, 50.00000000000000000, 30.00000000000000711 ) ) ;
#142 = CARTESIAN_POINT ( 'NONE',  ( 80.00000000000001421, 50.00000000000000000, -20.99449999999999505 ) ) ;
#143 = VERTEX_POINT ( 'NONE', #1783 ) ;
#144 = DIRECTION ( 'NONE',  ( -0.000000000000000000, 0.000000000000000000, -1.000000000000000000 ) ) ;
#145 = AXIS2_PLACEMENT_3D ( 'NONE', #442, #867, #1449 ) ;
#146 = ORIENTED_EDGE ( 'NONE', *, *, #1677, .T. ) ;
#147 = ORIENTED_EDGE ( 'NONE', *, *, #548, .T. ) ;
#148 = EDGE_CURVE ( 'NONE', #930, #948, #206, .T. ) ;
#149 = VERTEX_POINT ( 'NONE', #1073 ) ;
#150 = CARTESIAN_POINT ( 'NONE',  ( -73.00000000000001421, 50.00000000000000000, -0.9999999999999917843 ) ) ;
#151 = DIRECTION ( 'NONE',  ( 0.000000000000000000, 0.000000000000000000, -1.000000000000000000 ) ) ;
#152 = ORIENTED_EDGE ( 'NONE', *, *, #209, .T. ) ;
#153 = CARTESIAN_POINT ( 'NONE',  ( 100.0000000000000000, 15.00000000000000000, -10.75000000000000178 ) ) ;
#154 = CARTESIAN_POINT ( 'NONE',  ( 80.00000000000001421, 44.70000000000000284, -29.99999999999999645 ) ) ;
#155 = VECTOR ( 'NONE', #85, 1000.000000000000000 ) ;
#156 = ORIENTED_EDGE ( 'NONE', *, *, #980, .T. ) ;
#157 = EDGE_LOOP ( 'NONE', ( #372, #817, #1396, #814 ) ) ;
#158 = VECTOR ( 'NONE', #1402, 1000.000000000000000 ) ;
#159 = DIRECTION ( 'NONE',  ( 0.000000000000000000, 0.000000000000000000, 1.000000000000000000 ) ) ;
#160 = CARTESIAN_POINT ( 'NONE',  ( -70.00000000000000000, 40.00000000000000000, -0.9999999999999917843 ) ) ;
#161 = AXIS2_PLACEMENT_3D ( 'NONE', #780, #1752, #1482 ) ;
#162 = DIRECTION ( 'NONE',  ( 1.000000000000000000, -0.000000000000000000, -0.000000000000000000 ) ) ;
#163 = EDGE_CURVE ( 'NONE', #1020, #655, #1346, .T. ) ;
#164 = CARTESIAN_POINT ( 'NONE',  ( 49.82682726358336822, 0.000000000000000000, 12.82229780704935429 ) ) ;
#165 = ORIENTED_EDGE ( 'NONE', *, *, #1592, .T. ) ;
#166 = DIRECTION ( 'NONE',  ( 0.000000000000000000, -0.000000000000000000, 1.000000000000000000 ) ) ;
#167 = ORIENTED_EDGE ( 'NONE', *, *, #82, .F. ) ;
#168 = DIRECTION ( 'NONE',  ( 0.000000000000000000, 0.000000000000000000, 1.000000000000000000 ) ) ;
#169 = CYLINDRICAL_SURFACE ( 'NONE', #1626, 4.499999999999997335 ) ;
#170 = PLANE ( 'NONE',  #1768 ) ;
#171 = AXIS2_PLACEMENT_3D ( 'NONE', #1130, #1519, #1401 ) ;
#172 = AXIS2_PLACEMENT_3D ( 'NONE', #732, #1038, #1307 ) ;
#173 = CARTESIAN_POINT ( 'NONE',  ( -40.00000000000000711, 50.00000000000000000, 14.00000000000000533 ) ) ;
#174 = EDGE_CURVE ( 'NONE', #1305, #511, #543, .T. ) ;
#175 = CIRCLE ( 'NONE', #1814, 4.500000000000003553 ) ;
#176 = VECTOR ( 'NONE', #110, 1000.000000000000000 ) ;
#177 = DIRECTION ( 'NONE',  ( -0.000000000000000000, 1.000000000000000000, -0.000000000000000000 ) ) ;
#178 = ADVANCED_FACE ( 'NONE', ( #76 ), #1286, .F. ) ;
#179 = ORIENTED_EDGE ( 'NONE', *, *, #1744, .F. ) ;
#180 = ORIENTED_EDGE ( 'NONE', *, *, #1406, .T. ) ;
#181 = DIRECTION ( 'NONE',  ( 0.000000000000000000, 1.000000000000000000, 0.000000000000000000 ) ) ;
#182 = CARTESIAN_POINT ( 'NONE',  ( 80.00000000000001421, 50.00000000000000000, -29.99999999999999645 ) ) ;
#183 = FACE_OUTER_BOUND ( 'NONE', #429, .T. ) ;
#184 = ADVANCED_FACE ( 'NONE', ( #1192 ), #810, .F. ) ;
#185 = CARTESIAN_POINT ( 'NONE',  ( -32.00000000000000000, 50.00000000000000000, 2.000000000000007994 ) ) ;
#186 = ADVANCED_FACE ( 'NONE', ( #645 ), #504, .F. ) ;
#187 = VERTEX_POINT ( 'NONE', #941 ) ;
#188 = AXIS2_PLACEMENT_3D ( 'NONE', #512, #1082, #94 ) ;
#189 = DIRECTION ( 'NONE',  ( 0.000000000000000000, 0.000000000000000000, 1.000000000000000000 ) ) ;
#190 = DIRECTION ( 'NONE',  ( 0.000000000000000000, 0.000000000000000000, -1.000000000000000000 ) ) ;
#191 = LINE ( 'NONE', #1185, #1110 ) ;
#192 = AXIS2_PLACEMENT_3D ( 'NONE', #266, #245, #971 ) ;
#193 = CARTESIAN_POINT ( 'NONE',  ( -100.0000000000000000, 50.00000000000000000, -49.99999999999999289 ) ) ;
#194 = ORIENTED_EDGE ( 'NONE', *, *, #12, .F. ) ;
#195 = FACE_OUTER_BOUND ( 'NONE', #1578, .T. ) ;
#196 = VERTEX_POINT ( 'NONE', #482 ) ;
#197 = EDGE_CURVE ( 'NONE', #1741, #1118, #1434, .T. ) ;
#198 = DIRECTION ( 'NONE',  ( -0.000000000000000000, 1.000000000000000000, -0.000000000000000000 ) ) ;
#199 = FACE_OUTER_BOUND ( 'NONE', #239, .T. ) ;
#200 = DIRECTION ( 'NONE',  ( 0.000000000000000000, 0.000000000000000000, 1.000000000000000000 ) ) ;
#201 = CIRCLE ( 'NONE', #1719, 9.005499999999999616 ) ;
#202 = FACE_OUTER_BOUND ( 'NONE', #303, .T. ) ;
#203 = DIRECTION ( 'NONE',  ( 0.000000000000000000, 0.000000000000000000, 1.000000000000000000 ) ) ;
#204 = VECTOR ( 'NONE', #258, 1000.000000000000000 ) ;
#205 = ORIENTED_EDGE ( 'NONE', *, *, #1140, .T. ) ;
#206 = LINE ( 'NONE', #1229, #1051 ) ;
#207 = CARTESIAN_POINT ( 'NONE',  ( 100.0000000000000000, 0.000000000000000000, -49.99999999999999289 ) ) ;
#208 = CYLINDRICAL_SURFACE ( 'NONE', #756, 5.499999999999987566 ) ;
#209 = EDGE_CURVE ( 'NONE', #1380, #737, #799, .T. ) ;
#210 = DIRECTION ( 'NONE',  ( 0.000000000000000000, 0.000000000000000000, 1.000000000000000000 ) ) ;
#211 = ORIENTED_EDGE ( 'NONE', *, *, #415, .T. ) ;
#212 = CYLINDRICAL_SURFACE ( 'NONE', #325, 4.499999999999997335 ) ;
#213 = VERTEX_POINT ( 'NONE', #1091 ) ;
#214 = UNCERTAINTY_MEASURE_WITH_UNIT (LENGTH_MEASURE( 1.000000000000000082E-05 ), #1470, 'distance_accuracy_value', 'NONE');
#215 = DIRECTION ( 'NONE',  ( 0.2079116908177597034, 0.000000000000000000, -0.9781476007338055778 ) ) ;
#216 = LINE ( 'NONE', #350, #1528 ) ;
#217 = FACE_OUTER_BOUND ( 'NONE', #1029, .T. ) ;
#218 = DIRECTION ( 'NONE',  ( -0.000000000000000000, 1.000000000000000000, -0.000000000000000000 ) ) ;
#219 = EDGE_CURVE ( 'NONE', #1517, #445, #819, .T. ) ;
#220 = CONICAL_SURFACE ( 'NONE', #637, 4.249999999999996447, 1.029744258676652535 ) ;
#221 = EDGE_LOOP ( 'NONE', ( #280, #1575, #696, #1 ) ) ;
#222 = DIRECTION ( 'NONE',  ( 0.000000000000000000, 0.000000000000000000, 1.000000000000000000 ) ) ;
#223 = ORIENTED_EDGE ( 'NONE', *, *, #1484, .T. ) ;
#224 = PRODUCT_DEFINITION_SHAPE ( 'NONE', 'NONE',  #594 ) ;
#225 = CARTESIAN_POINT ( 'NONE',  ( 9.999999999999994671, 45.50000000000000711, 30.00000000000001066 ) ) ;
#226 = CARTESIAN_POINT ( 'NONE',  ( -32.00000000000000000, 40.00000000000000000, 2.000000000000007994 ) ) ;
#227 = LINE ( 'NONE', #1367, #1799 ) ;
#228 = ORIENTED_EDGE ( 'NONE', *, *, #1345, .F. ) ;
#229 = EDGE_CURVE ( 'NONE', #432, #1225, #1057, .T. ) ;
#230 = CARTESIAN_POINT ( 'NONE',  ( -80.00000000000001421, 50.00000000000000000, 25.50000000000000711 ) ) ;
#231 = VERTEX_POINT ( 'NONE', #912 ) ;
#232 = AXIS2_PLACEMENT_3D ( 'NONE', #1587, #14, #27 ) ;
#233 = CARTESIAN_POINT ( 'NONE',  ( -51.24772347214615564, 40.00000000000000000, -36.99999999999999289 ) ) ;
#234 = CARTESIAN_POINT ( 'NONE',  ( 84.50000000000001421, 44.70000000000000284, -29.99999999999999645 ) ) ;
#235 = VECTOR ( 'NONE', #409, 1000.000000000000000 ) ;
#236 = DIRECTION ( 'NONE',  ( 1.000000000000000000, 0.000000000000000000, 0.000000000000000000 ) ) ;
#237 = EDGE_LOOP ( 'NONE', ( #785, #1146, #24, #575 ) ) ;
#238 = LINE ( 'NONE', #128, #1188 ) ;
#239 = EDGE_LOOP ( 'NONE', ( #604, #1579, #73, #1387 ) ) ;
#240 = EDGE_CURVE ( 'NONE', #651, #213, #875, .T. ) ;
#241 = VERTEX_POINT ( 'NONE', #920 ) ;
#242 = DIRECTION ( 'NONE',  ( -0.000000000000000000, 1.000000000000000000, -0.000000000000000000 ) ) ;
#243 = DIRECTION ( 'NONE',  ( -0.000000000000000000, 1.000000000000000000, -0.000000000000000000 ) ) ;
#244 = CIRCLE ( 'NONE', #968, 3.000000000000001332 ) ;
#245 = DIRECTION ( 'NONE',  ( -0.000000000000000000, 1.000000000000000000, -0.000000000000000000 ) ) ;
#246 = ORIENTED_EDGE ( 'NONE', *, *, #1256, .T. ) ;
#247 = DIRECTION ( 'NONE',  ( -0.000000000000000000, 1.000000000000000000, -0.000000000000000000 ) ) ;
#248 = VECTOR ( 'NONE', #1292, 1000.000000000000000 ) ;
#249 = ORIENTED_EDGE ( 'NONE', *, *, #585, .T. ) ;
#250 = CIRCLE ( 'NONE', #486, 9.999999999999998224 ) ;
#251 = ORIENTED_EDGE ( 'NONE', *, *, #396, .T. ) ;
#252 = CARTESIAN_POINT ( 'NONE',  ( 100.0000000000000000, 15.00000000000000000, -19.24999999999999645 ) ) ;
#253 = EDGE_CURVE ( 'NONE', #412, #1423, #1581, .T. ) ;
#254 = DIRECTION ( 'NONE',  ( -0.000000000000000000, 1.000000000000000000, -0.000000000000000000 ) ) ;
#255 = LINE ( 'NONE', #1095, #485 ) ;
#256 = EDGE_CURVE ( 'NONE', #795, #453, #368, .T. ) ;
#257 = ORIENTED_EDGE ( 'NONE', *, *, #25, .F. ) ;
#258 = DIRECTION ( 'NONE',  ( -0.000000000000000000, 1.000000000000000000, -0.000000000000000000 ) ) ;
#259 = VECTOR ( 'NONE', #243, 1000.000000000000000 ) ;
#260 = VERTEX_POINT ( 'NONE', #226 ) ;
#261 = VERTEX_POINT ( 'NONE', #1084 ) ;
#262 =( GEOMETRIC_REPRESENTATION_CONTEXT ( 3 ) GLOBAL_UNCERTAINTY_ASSIGNED_CONTEXT ( ( #214 ) ) GLOBAL_UNIT_ASSIGNED_CONTEXT ( ( #1470, #890, #1313 ) ) REPRESENTATION_CONTEXT ( 'NONE', 'WORKASPACE' ) );
#263 = EDGE_CURVE ( 'NONE', #1769, #511, #791, .T. ) ;
#264 = DIRECTION ( 'NONE',  ( -0.9781476007338055778, -0.000000000000000000, -0.2079116908177597034 ) ) ;
#265 = AXIS2_PLACEMENT_3D ( 'NONE', #726, #1310, #314 ) ;
#266 = CARTESIAN_POINT ( 'NONE',  ( 80.00000000000001421, 44.70000000000000284, -29.99999999999999645 ) ) ;
#267 = EDGE_CURVE ( 'NONE', #241, #643, #305, .T. ) ;
#268 = ORIENTED_EDGE ( 'NONE', *, *, #1558, .F. ) ;
#269 = CARTESIAN_POINT ( 'NONE',  ( -17.68468729420298757, 50.00000000000000000, -33.00000000000000000 ) ) ;
#270 = ORIENTED_EDGE ( 'NONE', *, *, #127, .F. ) ;
#271 = ORIENTED_EDGE ( 'NONE', *, *, #163, .T. ) ;
#272 = DIRECTION ( 'NONE',  ( -0.000000000000000000, 1.000000000000000000, -0.000000000000000000 ) ) ;
#273 = CARTESIAN_POINT ( 'NONE',  ( -70.00000000000000000, 50.00000000000000000, -4.999999999999989342 ) ) ;
#274 = VECTOR ( 'NONE', #1582, 999.9999999999998863 ) ;
#275 = ORIENTED_EDGE ( 'NONE', *, *, #1099, .T. ) ;
#276 = DIRECTION ( 'NONE',  ( 1.387778780781445676E-16, 0.000000000000000000, 1.000000000000000000 ) ) ;
#277 = ADVANCED_FACE ( 'NONE', ( #772 ), #922, .F. ) ;
#278 = CIRCLE ( 'NONE', #518, 4.249999999999996447 ) ;
#279 = EDGE_CURVE ( 'NONE', #737, #948, #244, .T. ) ;
#280 = ORIENTED_EDGE ( 'NONE', *, *, #129, .F. ) ;
#281 = VECTOR ( 'NONE', #627, 1000.000000000000000 ) ;
#282 = VERTEX_POINT ( 'NONE', #78 ) ;
#283 = LINE ( 'NONE', #670, #1689 ) ;
#284 = CARTESIAN_POINT ( 'NONE',  ( 75.00000000000001421, 15.00000000000000000, -10.75000000000000178 ) ) ;
#285 = ORIENTED_EDGE ( 'NONE', *, *, #1492, .T. ) ;
#286 = DIRECTION ( 'NONE',  ( 0.000000000000000000, 0.000000000000000000, -1.000000000000000000 ) ) ;
#287 = EDGE_CURVE ( 'NONE', #75, #1423, #618, .T. ) ;
#288 = ORIENTED_EDGE ( 'NONE', *, *, #1605, .T. ) ;
#289 = ORIENTED_EDGE ( 'NONE', *, *, #1246, .F. ) ;
#290 = AXIS2_PLACEMENT_3D ( 'NONE', #1233, #406, #1830 ) ;
#291 = LINE ( 'NONE', #430, #1126 ) ;
#292 = DIRECTION ( 'NONE',  ( 0.000000000000000000, 0.000000000000000000, 1.000000000000000000 ) ) ;
#293 = AXIS2_PLACEMENT_3D ( 'NONE', #1657, #786, #380 ) ;
#294 = ORIENTED_EDGE ( 'NONE', *, *, #1208, .T. ) ;
#295 = CARTESIAN_POINT ( 'NONE',  ( -100.0000000000000000, 0.000000000000000000, -49.99999999999999289 ) ) ;
#296 = EDGE_LOOP ( 'NONE', ( #1656, #478 ) ) ;
#297 = ORIENTED_EDGE ( 'NONE', *, *, #477, .T. ) ;
#298 = ADVANCED_FACE ( 'NONE', ( #217 ), #208, .F. ) ;
#299 = ORIENTED_EDGE ( 'NONE', *, *, #1303, .T. ) ;
#300 = DIRECTION ( 'NONE',  ( -0.000000000000000000, 1.000000000000000000, -0.000000000000000000 ) ) ;
#301 = DIRECTION ( 'NONE',  ( 0.000000000000000000, 1.000000000000000000, 0.000000000000000000 ) ) ;
#302 = LINE ( 'NONE', #1035, #1069 ) ;
#303 = EDGE_LOOP ( 'NONE', ( #1228, #348, #1568, #1435 ) ) ;
#304 = LINE ( 'NONE', #1283, #984 ) ;
#305 = CIRCLE ( 'NONE', #788, 9.005499999999999616 ) ;
#306 = ORIENTED_EDGE ( 'NONE', *, *, #279, .F. ) ;
#307 = ORIENTED_EDGE ( 'NONE', *, *, #1086, .T. ) ;
#308 = CIRCLE ( 'NONE', #1352, 3.365499999999965741 ) ;
#309 = VERTEX_POINT ( 'NONE', #781 ) ;
#310 = DIRECTION ( 'NONE',  ( 0.000000000000000000, 0.000000000000000000, 1.000000000000000000 ) ) ;
#311 = EDGE_CURVE ( 'NONE', #511, #1305, #1794, .T. ) ;
#312 = DIRECTION ( 'NONE',  ( 1.000000000000000000, -0.000000000000000000, -0.000000000000000000 ) ) ;
#313 = EDGE_CURVE ( 'NONE', #1524, #893, #1641, .T. ) ;
#314 = DIRECTION ( 'NONE',  ( 0.000000000000000000, 0.000000000000000000, -1.000000000000000000 ) ) ;
#315 = ORIENTED_EDGE ( 'NONE', *, *, #597, .T. ) ;
#316 = DIRECTION ( 'NONE',  ( 0.000000000000000000, 0.000000000000000000, 1.000000000000000000 ) ) ;
#317 = ORIENTED_EDGE ( 'NONE', *, *, #794, .F. ) ;
#318 = ORIENTED_EDGE ( 'NONE', *, *, #797, .F. ) ;
#319 = CARTESIAN_POINT ( 'NONE',  ( -80.00000000000001421, 50.00000000000000000, 39.00550000000000495 ) ) ;
#320 = DIRECTION ( 'NONE',  ( 0.000000000000000000, 0.000000000000000000, -1.000000000000000000 ) ) ;
#321 = CIRCLE ( 'NONE', #1837, 9.005499999999999616 ) ;
#322 = EDGE_CURVE ( 'NONE', #1118, #491, #191, .T. ) ;
#323 = LINE ( 'NONE', #153, #1085 ) ;
#324 = ADVANCED_FACE ( 'NONE', ( #1622 ), #1753, .F. ) ;
#325 = AXIS2_PLACEMENT_3D ( 'NONE', #1339, #632, #510 ) ;
#326 = EDGE_LOOP ( 'NONE', ( #436, #1560, #1199 ) ) ;
#327 = AXIS2_PLACEMENT_3D ( 'NONE', #1098, #539, #1833 ) ;
#328 = DIRECTION ( 'NONE',  ( 0.000000000000000000, 1.000000000000000000, 0.000000000000000000 ) ) ;
#329 = ORIENTED_EDGE ( 'NONE', *, *, #1108, .T. ) ;
#330 = DIRECTION ( 'NONE',  ( -0.000000000000000000, -1.000000000000000000, -0.000000000000000000 ) ) ;
#331 = DIRECTION ( 'NONE',  ( 0.000000000000000000, 0.000000000000000000, 1.000000000000000000 ) ) ;
#332 = CYLINDRICAL_SURFACE ( 'NONE', #1595, 3.365499999999965741 ) ;
#333 = CARTESIAN_POINT ( 'NONE',  ( 9.999999999999994671, 50.00000000000000000, 30.00000000000001066 ) ) ;
#334 = ORIENTED_EDGE ( 'NONE', *, *, #60, .F. ) ;
#335 = EDGE_CURVE ( 'NONE', #1674, #187, #38, .T. ) ;
#336 = CARTESIAN_POINT ( 'NONE',  ( -80.00000000000001421, 0.000000000000000000, 30.00000000000000711 ) ) ;
#337 = VERTEX_POINT ( 'NONE', #1364 ) ;
#338 = AXIS2_PLACEMENT_3D ( 'NONE', #233, #770, #1639 ) ;
#339 = DIRECTION ( 'NONE',  ( 0.000000000000000000, 1.000000000000000000, 0.000000000000000000 ) ) ;
#340 = FACE_OUTER_BOUND ( 'NONE', #1556, .T. ) ;
#341 = DIRECTION ( 'NONE',  ( 0.000000000000000000, 0.000000000000000000, 1.000000000000000000 ) ) ;
#342 = VECTOR ( 'NONE', #99, 1000.000000000000000 ) ;
#343 = AXIS2_PLACEMENT_3D ( 'NONE', #921, #1184, #466 ) ;
#344 = DIRECTION ( 'NONE',  ( 0.000000000000000000, 0.000000000000000000, 1.000000000000000000 ) ) ;
#345 = ORIENTED_EDGE ( 'NONE', *, *, #1733, .F. ) ;
#346 = CARTESIAN_POINT ( 'NONE',  ( -73.00000000000001421, 40.00000000000000000, -0.9999999999999917843 ) ) ;
#347 = EDGE_CURVE ( 'NONE', #1775, #1412, #636, .T. ) ;
#348 = ORIENTED_EDGE ( 'NONE', *, *, #528, .F. ) ;
#349 = DIRECTION ( 'NONE',  ( 0.000000000000000000, 0.000000000000000000, 1.000000000000000000 ) ) ;
#350 = CARTESIAN_POINT ( 'NONE',  ( -50.62398839969287678, 40.00000000000000000, -39.93444280220141707 ) ) ;
#351 = DIRECTION ( 'NONE',  ( 0.000000000000000000, 0.000000000000000000, 1.000000000000000000 ) ) ;
#352 = VECTOR ( 'NONE', #1813, 1000.000000000000000 ) ;
#353 = DIRECTION ( 'NONE',  ( -1.000000000000000000, 0.000000000000000000, -0.000000000000000000 ) ) ;
#354 = ORIENTED_EDGE ( 'NONE', *, *, #679, .T. ) ;
#355 = CARTESIAN_POINT ( 'NONE',  ( -100.0000000000000000, 0.000000000000000000, -49.99999999999999289 ) ) ;
#356 = CIRCLE ( 'NONE', #1566, 4.499999999999990230 ) ;
#357 = ORIENTED_EDGE ( 'NONE', *, *, #60, .T. ) ;
#358 = DIRECTION ( 'NONE',  ( 0.000000000000000000, 0.000000000000000000, 1.000000000000000000 ) ) ;
#359 = CARTESIAN_POINT ( 'NONE',  ( -51.24772347214614854, 40.00000000000000000, -39.99999999999999289 ) ) ;
#360 = DIRECTION ( 'NONE',  ( -0.000000000000000000, 1.000000000000000000, -0.000000000000000000 ) ) ;
#361 = EDGE_CURVE ( 'NONE', #438, #1477, #1223, .T. ) ;
#362 = DIRECTION ( 'NONE',  ( 0.000000000000000000, 0.000000000000000000, 1.000000000000000000 ) ) ;
#363 = ORIENTED_EDGE ( 'NONE', *, *, #361, .F. ) ;
#364 = DIRECTION ( 'NONE',  ( -1.000000000000000000, -0.000000000000000000, -0.000000000000000000 ) ) ;
#365 = ORIENTED_EDGE ( 'NONE', *, *, #1437, .T. ) ;
#366 = DIRECTION ( 'NONE',  ( -1.387778780781445676E-16, 0.000000000000000000, -1.000000000000000000 ) ) ;
#367 = LINE ( 'NONE', #483, #1384 ) ;
#368 = LINE ( 'NONE', #514, #481 ) ;
#369 = EDGE_CURVE ( 'NONE', #622, #261, #87, .T. ) ;
#370 = DIRECTION ( 'NONE',  ( 1.000000000000000000, 0.000000000000000000, 3.336006684570784581E-17 ) ) ;
#371 = CIRCLE ( 'NONE', #999, 3.365499999999965741 ) ;
#372 = ORIENTED_EDGE ( 'NONE', *, *, #1290, .F. ) ;
#373 = DIRECTION ( 'NONE',  ( 0.000000000000000000, 0.000000000000000000, 1.000000000000000000 ) ) ;
#374 = ORIENTED_EDGE ( 'NONE', *, *, #1111, .T. ) ;
#375 = DIRECTION ( 'NONE',  ( -1.000000000000000000, 0.000000000000000000, 0.000000000000000000 ) ) ;
#376 = CARTESIAN_POINT ( 'NONE',  ( -90.00000000000000000, 50.00000000000000000, -36.99999999999999289 ) ) ;
#377 = CARTESIAN_POINT ( 'NONE',  ( -18.30842236665626643, 40.00000000000000000, -33.06555719779858293 ) ) ;
#378 = CARTESIAN_POINT ( 'NONE',  ( -45.00000000000000711, 40.00000000000000000, 9.000000000000007105 ) ) ;
#379 = ORIENTED_EDGE ( 'NONE', *, *, #608, .F. ) ;
#380 = DIRECTION ( 'NONE',  ( 0.000000000000000000, 0.000000000000000000, 1.000000000000000000 ) ) ;
#381 = EDGE_CURVE ( 'NONE', #1705, #1063, #892, .T. ) ;
#382 = ORIENTED_EDGE ( 'NONE', *, *, #784, .T. ) ;
#383 = VECTOR ( 'NONE', #1019, 1000.000000000000000 ) ;
#384 = EDGE_LOOP ( 'NONE', ( #1683, #427, #135, #860 ) ) ;
#385 = DIRECTION ( 'NONE',  ( 0.000000000000000000, -1.000000000000000000, 0.000000000000000000 ) ) ;
#386 = VECTOR ( 'NONE', #1018, 1000.000000000000000 ) ;
#387 = DIRECTION ( 'NONE',  ( -0.000000000000000000, 1.000000000000000000, -0.000000000000000000 ) ) ;
#388 = CARTESIAN_POINT ( 'NONE',  ( -87.00000000000002842, 50.00000000000000000, 2.000000000000008438 ) ) ;
#389 = ORIENTED_EDGE ( 'NONE', *, *, #560, .T. ) ;
#390 = FACE_BOUND ( 'NONE', #1845, .T. ) ;
#391 = EDGE_CURVE ( 'NONE', #1524, #1775, #1365, .T. ) ;
#392 = ORIENTED_EDGE ( 'NONE', *, *, #725, .F. ) ;
#393 = ORIENTED_EDGE ( 'NONE', *, *, #871, .F. ) ;
#394 = DIRECTION ( 'NONE',  ( -1.000000000000000000, -0.000000000000000000, -0.000000000000000000 ) ) ;
#395 = CYLINDRICAL_SURFACE ( 'NONE', #1451, 4.499999999999997335 ) ;
#396 = EDGE_CURVE ( 'NONE', #1315, #869, #1194, .T. ) ;
#397 = CARTESIAN_POINT ( 'NONE',  ( -32.00000000000000000, 40.00000000000000000, 2.000000000000007994 ) ) ;
#398 = VECTOR ( 'NONE', #47, 1000.000000000000000 ) ;
#399 = CARTESIAN_POINT ( 'NONE',  ( -48.00000000000000711, 40.00000000000000000, 5.000000000000007994 ) ) ;
#400 = VERTEX_POINT ( 'NONE', #1103 ) ;
#401 = FACE_OUTER_BOUND ( 'NONE', #823, .T. ) ;
#402 = VECTOR ( 'NONE', #440, 1000.000000000000000 ) ;
#403 = VECTOR ( 'NONE', #1772, 1000.000000000000000 ) ;
#404 = EDGE_CURVE ( 'NONE', #729, #1136, #588, .T. ) ;
#405 = ORIENTED_EDGE ( 'NONE', *, *, #88, .F. ) ;
#406 = DIRECTION ( 'NONE',  ( -1.000000000000000000, 0.000000000000000000, -1.734723475976807094E-15 ) ) ;
#407 = DIRECTION ( 'NONE',  ( 1.000000000000000000, 0.000000000000000000, 0.000000000000000000 ) ) ;
#408 = ORIENTED_EDGE ( 'NONE', *, *, #263, .T. ) ;
#409 = DIRECTION ( 'NONE',  ( -0.000000000000000000, 1.000000000000000000, -0.000000000000000000 ) ) ;
#410 = AXIS2_PLACEMENT_3D ( 'NONE', #234, #385, #1374 ) ;
#411 = ORIENTED_EDGE ( 'NONE', *, *, #1372, .F. ) ;
#412 = VERTEX_POINT ( 'NONE', #1392 ) ;
#413 = AXIS2_PLACEMENT_3D ( 'NONE', #805, #479, #203 ) ;
#414 = CARTESIAN_POINT ( 'NONE',  ( 68.87682726358337959, 0.000000000000000000, 12.82229780704935429 ) ) ;
#415 = EDGE_CURVE ( 'NONE', #1154, #1469, #683, .T. ) ;
#416 = AXIS2_PLACEMENT_3D ( 'NONE', #1420, #1430, #1440 ) ;
#417 = CARTESIAN_POINT ( 'NONE',  ( -6.000000000000015987, 40.00000000000000000, -32.99999999999998579 ) ) ;
#418 = ORIENTED_EDGE ( 'NONE', *, *, #107, .T. ) ;
#419 = FACE_BOUND ( 'NONE', #715, .T. ) ;
#420 = ORIENTED_EDGE ( 'NONE', *, *, #50, .T. ) ;
#421 = ORIENTED_EDGE ( 'NONE', *, *, #1208, .F. ) ;
#422 = CARTESIAN_POINT ( 'NONE',  ( 9.999999999999994671, 45.50000000000000711, 35.50000000000000711 ) ) ;
#423 = FACE_BOUND ( 'NONE', #296, .T. ) ;
#424 = VECTOR ( 'NONE', #914, 1000.000000000000000 ) ;
#425 = VERTEX_POINT ( 'NONE', #252 ) ;
#426 = DIRECTION ( 'NONE',  ( 0.000000000000000000, 0.000000000000000000, -1.000000000000000000 ) ) ;
#427 = ORIENTED_EDGE ( 'NONE', *, *, #1460, .F. ) ;
#428 = CIRCLE ( 'NONE', #911, 4.249999999999996447 ) ;
#429 = EDGE_LOOP ( 'NONE', ( #1658, #437, #1259, #80 ) ) ;
#430 = CARTESIAN_POINT ( 'NONE',  ( -6.000000000000012434, 40.00000000000000000, 2.000000000000008882 ) ) ;
#431 = FACE_OUTER_BOUND ( 'NONE', #1415, .T. ) ;
#432 = VERTEX_POINT ( 'NONE', #114 ) ;
#433 = CARTESIAN_POINT ( 'NONE',  ( 75.00000000000001421, 15.00000000000000000, -15.00000000000000000 ) ) ;
#434 = ADVANCED_FACE ( 'NONE', ( #105, #525 ), #678, .F. ) ;
#435 = LINE ( 'NONE', #614, #1041 ) ;
#436 = ORIENTED_EDGE ( 'NONE', *, *, #1108, .F. ) ;
#437 = ORIENTED_EDGE ( 'NONE', *, *, #679, .F. ) ;
#438 = VERTEX_POINT ( 'NONE', #1671 ) ;
#439 = CARTESIAN_POINT ( 'NONE',  ( -87.00000000000002842, 50.00000000000000000, -0.9999999999999917843 ) ) ;
#440 = DIRECTION ( 'NONE',  ( -0.000000000000000000, 1.000000000000000000, -0.000000000000000000 ) ) ;
#441 = STYLED_ITEM ( 'NONE', ( #738 ), #766 ) ;
#442 = CARTESIAN_POINT ( 'NONE',  ( -48.00000000000000711, 50.00000000000000000, 5.000000000000007994 ) ) ;
#443 = DIRECTION ( 'NONE',  ( 0.000000000000000000, 0.000000000000000000, 1.000000000000000000 ) ) ;
#444 = ADVANCED_FACE ( 'NONE', ( #1241 ), #395, .F. ) ;
#445 = VERTEX_POINT ( 'NONE', #377 ) ;
#446 = VERTEX_POINT ( 'NONE', #827 ) ;
#447 = LINE ( 'NONE', #1023, #274 ) ;
#448 = ADVANCED_FACE ( 'NONE', ( #811 ), #967, .F. ) ;
#449 = LINE ( 'NONE', #1158, #1398 ) ;
#450 = CARTESIAN_POINT ( 'NONE',  ( 80.00000000000001421, 0.000000000000000000, -29.99999999999999645 ) ) ;
#451 = DIRECTION ( 'NONE',  ( -1.000000000000000000, 0.000000000000000000, 0.000000000000000000 ) ) ;
#452 = CARTESIAN_POINT ( 'NONE',  ( 72.44634236913287850, 14.99999999999999289, -15.00000000000000000 ) ) ;
#453 = VERTEX_POINT ( 'NONE', #1093 ) ;
#454 = ADVANCED_FACE ( 'NONE', ( #818 ), #1661, .F. ) ;
#455 = AXIS2_PLACEMENT_3D ( 'NONE', #1634, #650, #1357 ) ;
#456 = DIRECTION ( 'NONE',  ( -0.000000000000000000, 1.000000000000000000, -0.000000000000000000 ) ) ;
#457 = DIRECTION ( 'NONE',  ( 0.000000000000000000, 0.000000000000000000, 1.000000000000000000 ) ) ;
#458 = ADVANCED_FACE ( 'NONE', ( #690 ), #960, .F. ) ;
#459 = DIRECTION ( 'NONE',  ( -1.000000000000000000, -0.000000000000000000, -5.938450665555907881E-16 ) ) ;
#460 = CARTESIAN_POINT ( 'NONE',  ( -40.00000000000000711, 40.00000000000000000, 9.000000000000007105 ) ) ;
#461 = ORIENTED_EDGE ( 'NONE', *, *, #1099, .F. ) ;
#462 = FILL_AREA_STYLE_COLOUR ( '', #653 ) ;
#463 = ORIENTED_EDGE ( 'NONE', *, *, #1515, .T. ) ;
#464 =( GEOMETRIC_REPRESENTATION_CONTEXT ( 3 ) GLOBAL_UNCERTAINTY_ASSIGNED_CONTEXT ( ( #931 ) ) GLOBAL_UNIT_ASSIGNED_CONTEXT ( ( #1660, #1222, #1680 ) ) REPRESENTATION_CONTEXT ( 'NONE', 'WORKASPACE' ) );
#465 = CARTESIAN_POINT ( 'NONE',  ( -35.00000000000000000, 50.00000000000000000, 30.00000000000001066 ) ) ;
#466 = DIRECTION ( 'NONE',  ( 0.000000000000000000, 0.000000000000000000, 1.000000000000000000 ) ) ;
#467 = CARTESIAN_POINT ( 'NONE',  ( -45.00000000000000711, 50.00000000000000000, 9.000000000000007105 ) ) ;
#468 = EDGE_CURVE ( 'NONE', #1477, #1380, #773, .T. ) ;
#469 = FACE_OUTER_BOUND ( 'NONE', #1823, .T. ) ;
#470 = VECTOR ( 'NONE', #900, 1000.000000000000000 ) ;
#471 = PLANE ( 'NONE',  #232 ) ;
#472 = VERTEX_POINT ( 'NONE', #969 ) ;
#473 = CARTESIAN_POINT ( 'NONE',  ( -48.00000000000000711, 40.00000000000000000, 5.000000000000007994 ) ) ;
#474 = DIRECTION ( 'NONE',  ( 1.000000000000000000, 0.000000000000000000, 3.336006684570784581E-17 ) ) ;
#475 = DIRECTION ( 'NONE',  ( -0.000000000000000000, 1.000000000000000000, -0.000000000000000000 ) ) ;
#476 = FACE_OUTER_BOUND ( 'NONE', #573, .T. ) ;
#477 = EDGE_CURVE ( 'NONE', #1063, #111, #552, .T. ) ;
#478 = ORIENTED_EDGE ( 'NONE', *, *, #381, .T. ) ;
#479 = DIRECTION ( 'NONE',  ( -0.000000000000000000, 1.000000000000000000, -0.000000000000000000 ) ) ;
#480 = ORIENTED_EDGE ( 'NONE', *, *, #107, .F. ) ;
#481 = VECTOR ( 'NONE', #647, 1000.000000000000000 ) ;
#482 = CARTESIAN_POINT ( 'NONE',  ( -6.000000000000019540, 50.00000000000000000, -32.99999999999999289 ) ) ;
#483 = CARTESIAN_POINT ( 'NONE',  ( -32.00000000000000000, 50.00000000000000000, 2.000000000000007994 ) ) ;
#484 = CARTESIAN_POINT ( 'NONE',  ( -100.0000000000000000, 50.00000000000000000, -49.99999999999999289 ) ) ;
#485 = VECTOR ( 'NONE', #407, 1000.000000000000000 ) ;
#486 = AXIS2_PLACEMENT_3D ( 'NONE', #1742, #1334, #331 ) ;
#487 = DIRECTION ( 'NONE',  ( 0.000000000000000000, 0.000000000000000000, 1.000000000000000000 ) ) ;
#488 = ORIENTED_EDGE ( 'NONE', *, *, #843, .T. ) ;
#489 = DIRECTION ( 'NONE',  ( -0.000000000000000000, 1.000000000000000000, -0.000000000000000000 ) ) ;
#490 = EDGE_CURVE ( 'NONE', #309, #1615, #1529, .T. ) ;
#491 = VERTEX_POINT ( 'NONE', #526 ) ;
#492 = DIRECTION ( 'NONE',  ( 0.000000000000000000, 1.000000000000000000, 0.000000000000000000 ) ) ;
#493 = PLANE ( 'NONE',  #10 ) ;
#494 = CARTESIAN_POINT ( 'NONE',  ( -50.62398839969287678, 40.00000000000000000, -39.93444280220141707 ) ) ;
#495 = VECTOR ( 'NONE', #989, 1000.000000000000000 ) ;
#496 = DIRECTION ( 'NONE',  ( -3.336006684570784581E-17, 0.000000000000000000, 1.000000000000000000 ) ) ;
#497 = CLOSED_SHELL ( 'NONE', ( #1325, #1642, #28, #1405, #1131, #936, #619, #1643, #444, #1580, #1258, #184, #458, #840, #1362, #1044, #1654, #1593, #1692, #1688, #434, #1311, #859, #62, #1347, #1002, #277, #36, #1301, #1383, #1177, #1439, #852, #1450, #899, #454, #538, #1755, #324, #888, #1471, #630, #448, #1359, #1314, #186, #121, #1537, #1712, #807, #1447, #1847, #298, #178, #1628, #1152, #654, #1778 ) ) ;
#498 = ORIENTED_EDGE ( 'NONE', *, *, #1733, .T. ) ;
#499 = DIRECTION ( 'NONE',  ( 0.000000000000000000, 0.000000000000000000, 1.000000000000000000 ) ) ;
#500 = AXIS2_PLACEMENT_3D ( 'NONE', #583, #1153, #443 ) ;
#501 = VECTOR ( 'NONE', #1142, 1000.000000000000000 ) ;
#502 = ORIENTED_EDGE ( 'NONE', *, *, #137, .T. ) ;
#503 = EDGE_CURVE ( 'NONE', #511, #1674, #828, .T. ) ;
#504 = CYLINDRICAL_SURFACE ( 'NONE', #338, 3.000000000000002665 ) ;
#505 = DIRECTION ( 'NONE',  ( -0.000000000000000000, 0.000000000000000000, 1.000000000000000000 ) ) ;
#506 = DIRECTION ( 'NONE',  ( -1.196361017915039239E-16, -0.000000000000000000, -1.000000000000000000 ) ) ;
#507 = EDGE_CURVE ( 'NONE', #537, #282, #1479, .T. ) ;
#508 = DIRECTION ( 'NONE',  ( 0.000000000000000000, -1.000000000000000000, 0.000000000000000000 ) ) ;
#509 = ORIENTED_EDGE ( 'NONE', *, *, #1460, .T. ) ;
#510 = DIRECTION ( 'NONE',  ( 0.000000000000000000, 0.000000000000000000, 1.000000000000000000 ) ) ;
#511 = VERTEX_POINT ( 'NONE', #422 ) ;
#512 = CARTESIAN_POINT ( 'NONE',  ( -17.68468729420298757, 40.00000000000000000, -36.00000000000000000 ) ) ;
#513 = PRODUCT_CONTEXT ( 'NONE', #660, 'mechanical' ) ;
#514 = CARTESIAN_POINT ( 'NONE',  ( -48.00000000000000711, 40.00000000000000000, 2.000000000000007105 ) ) ;
#515 = VECTOR ( 'NONE', #904, 1000.000000000000000 ) ;
#516 = EDGE_CURVE ( 'NONE', #143, #893, #283, .T. ) ;
#517 = EDGE_CURVE ( 'NONE', #282, #928, #1261, .T. ) ;
#518 = AXIS2_PLACEMENT_3D ( 'NONE', #1344, #70, #1493 ) ;
#519 = DIRECTION ( 'NONE',  ( -0.000000000000000000, 1.000000000000000000, -0.000000000000000000 ) ) ;
#520 = CIRCLE ( 'NONE', #1201, 5.499999999999994671 ) ;
#521 = ORIENTED_EDGE ( 'NONE', *, *, #1494, .F. ) ;
#522 = LINE ( 'NONE', #1089, #776 ) ;
#523 = ORIENTED_EDGE ( 'NONE', *, *, #1303, .F. ) ;
#524 = FACE_OUTER_BOUND ( 'NONE', #1340, .T. ) ;
#525 = FACE_OUTER_BOUND ( 'NONE', #1416, .T. ) ;
#526 = CARTESIAN_POINT ( 'NONE',  ( -3.000000000000016431, 50.00000000000000000, -29.99999999999999645 ) ) ;
#527 = CARTESIAN_POINT ( 'NONE',  ( 68.87682726358337959, 0.000000000000000000, 19.55329780704928666 ) ) ;
#528 = EDGE_CURVE ( 'NONE', #260, #826, #115, .T. ) ;
#529 = EDGE_LOOP ( 'NONE', ( #685, #567, #718, #615, #1078, #382, #246, #1012, #271, #1115, #1324, #223, #880, #122, #1088, #463, #357, #687, #762, #1269, #1788, #1061, #1155, #1351, #1832 ) ) ;
#530 = VECTOR ( 'NONE', #272, 1000.000000000000000 ) ;
#531 = DIRECTION ( 'NONE',  ( -0.000000000000000000, 1.000000000000000000, -0.000000000000000000 ) ) ;
#532 = ORIENTED_EDGE ( 'NONE', *, *, #335, .T. ) ;
#533 = EDGE_LOOP ( 'NONE', ( #1236, #318 ) ) ;
#534 = DIRECTION ( 'NONE',  ( 0.000000000000000000, 0.000000000000000000, 1.000000000000000000 ) ) ;
#535 = CARTESIAN_POINT ( 'NONE',  ( -99.99999999999998579, 50.00000000000000000, 50.00000000000000711 ) ) ;
#536 = CYLINDRICAL_SURFACE ( 'NONE', #1230, 4.999999999999997335 ) ;
#537 = VERTEX_POINT ( 'NONE', #97 ) ;
#538 = ADVANCED_FACE ( 'NONE', ( #124 ), #704, .F. ) ;
#539 = DIRECTION ( 'NONE',  ( -0.000000000000000000, 1.000000000000000000, -0.000000000000000000 ) ) ;
#540 = ORIENTED_EDGE ( 'NONE', *, *, #669, .F. ) ;
#541 = CARTESIAN_POINT ( 'NONE',  ( 68.87682726358337959, 0.000000000000000000, 16.18779780704932136 ) ) ;
#542 = CARTESIAN_POINT ( 'NONE',  ( -73.00000000000001421, 50.00000000000000000, 2.000000000000010214 ) ) ;
#543 = CIRCLE ( 'NONE', #906, 5.499999999999994671 ) ;
#544 = CARTESIAN_POINT ( 'NONE',  ( -35.00000000000000000, 50.00000000000000000, 30.00000000000001066 ) ) ;
#545 = ORIENTED_EDGE ( 'NONE', *, *, #1721, .F. ) ;
#546 = FACE_BOUND ( 'NONE', #1646, .T. ) ;
#547 = VECTOR ( 'NONE', #459, 1000.000000000000000 ) ;
#548 = EDGE_CURVE ( 'NONE', #1687, #737, #697, .T. ) ;
#549 = ORIENTED_EDGE ( 'NONE', *, *, #369, .T. ) ;
#550 = VERTEX_POINT ( 'NONE', #1094 ) ;
#551 = EDGE_CURVE ( 'NONE', #1070, #1615, #201, .T. ) ;
#552 = LINE ( 'NONE', #1554, #832 ) ;
#553 = CYLINDRICAL_SURFACE ( 'NONE', #671, 5.499999999999987566 ) ;
#554 = ORIENTED_EDGE ( 'NONE', *, *, #1836, .F. ) ;
#555 = CARTESIAN_POINT ( 'NONE',  ( -70.00000000000000000, 50.00000000000000000, -0.9999999999999917843 ) ) ;
#556 = AXIS2_PLACEMENT_3D ( 'NONE', #820, #1385, #680 ) ;
#557 = VERTEX_POINT ( 'NONE', #562 ) ;
#558 = AXIS2_PLACEMENT_3D ( 'NONE', #1601, #39, #609 ) ;
#559 = ORIENTED_EDGE ( 'NONE', *, *, #1793, .T. ) ;
#560 = EDGE_CURVE ( 'NONE', #844, #149, #997, .T. ) ;
#561 = CIRCLE ( 'NONE', #1275, 3.000000000000002665 ) ;
#562 = CARTESIAN_POINT ( 'NONE',  ( -40.00000000000000711, 40.00000000000000000, 14.00000000000000533 ) ) ;
#563 = VECTOR ( 'NONE', #531, 1000.000000000000000 ) ;
#564 = DIRECTION ( 'NONE',  ( -0.000000000000000000, 1.000000000000000000, -0.000000000000000000 ) ) ;
#565 = ORIENTED_EDGE ( 'NONE', *, *, #313, .T. ) ;
#566 = FACE_BOUND ( 'NONE', #995, .T. ) ;
#567 = ORIENTED_EDGE ( 'NONE', *, *, #1425, .T. ) ;
#568 = ORIENTED_EDGE ( 'NONE', *, *, #1770, .F. ) ;
#569 = DIRECTION ( 'NONE',  ( -0.000000000000000000, 1.000000000000000000, -0.000000000000000000 ) ) ;
#570 = FACE_BOUND ( 'NONE', #1715, .T. ) ;
#571 = EDGE_CURVE ( 'NONE', #1442, #260, #1302, .T. ) ;
#572 = VECTOR ( 'NONE', #1759, 1000.000000000000000 ) ;
#573 = EDGE_LOOP ( 'NONE', ( #1599, #994, #739, #104 ) ) ;
#574 = CARTESIAN_POINT ( 'NONE',  ( 100.0000000000000000, 15.00000000000000000, -10.75000000000000178 ) ) ;
#575 = ORIENTED_EDGE ( 'NONE', *, *, #490, .F. ) ;
#576 = AXIS2_PLACEMENT_3D ( 'NONE', #771, #942, #1490 ) ;
#577 = EDGE_LOOP ( 'NONE', ( #1390, #952, #545, #147 ) ) ;
#578 = ORIENTED_EDGE ( 'NONE', *, *, #829, .F. ) ;
#579 = LINE ( 'NONE', #1572, #1782 ) ;
#580 = CYLINDRICAL_SURFACE ( 'NONE', #1003, 9.005499999999999616 ) ;
#581 = CARTESIAN_POINT ( 'NONE',  ( -60.00000000000000000, 40.00000000000000000, -4.999999999999991118 ) ) ;
#582 = EDGE_CURVE ( 'NONE', #34, #1808, #1104, .T. ) ;
#583 = CARTESIAN_POINT ( 'NONE',  ( -40.00000000000000711, 50.00000000000000000, 9.000000000000007105 ) ) ;
#584 = CONICAL_SURFACE ( 'NONE', #1448, 9.999999999999998224, 0.7853981633974498333 ) ;
#585 = EDGE_CURVE ( 'NONE', #16, #1834, #978, .T. ) ;
#586 = ORIENTED_EDGE ( 'NONE', *, *, #1372, .T. ) ;
#587 = ORIENTED_EDGE ( 'NONE', *, *, #468, .F. ) ;
#588 = CIRCLE ( 'NONE', #20, 4.999999999999997335 ) ;
#589 = LINE ( 'NONE', #1157, #398 ) ;
#590 = DIRECTION ( 'NONE',  ( 0.000000000000000000, 0.000000000000000000, 1.000000000000000000 ) ) ;
#591 = CARTESIAN_POINT ( 'NONE',  ( 9.999999999999994671, 0.000000000000000000, 30.00000000000001066 ) ) ;
#592 = PRESENTATION_LAYER_ASSIGNMENT (  '', '', ( #441 ) ) ;
#593 = DIRECTION ( 'NONE',  ( 0.000000000000000000, 0.000000000000000000, -1.000000000000000000 ) ) ;
#594 = PRODUCT_DEFINITION ( 'BİLİNMEY', '', #1507, #1353 ) ;
#595 = VERTEX_POINT ( 'NONE', #542 ) ;
#596 = CARTESIAN_POINT ( 'NONE',  ( 68.87682726358337959, 0.000000000000000000, 12.82229780704935429 ) ) ;
#597 = EDGE_CURVE ( 'NONE', #891, #472, #1112, .T. ) ;
#598 = ORIENTED_EDGE ( 'NONE', *, *, #945, .F. ) ;
#599 = FACE_OUTER_BOUND ( 'NONE', #1740, .T. ) ;
#600 = CARTESIAN_POINT ( 'NONE',  ( 49.82682726358336822, 0.000000000000000000, 19.55329780704928666 ) ) ;
#601 = CYLINDRICAL_SURFACE ( 'NONE', #1526, 4.249999999999996447 ) ;
#602 = DIRECTION ( 'NONE',  ( -0.000000000000000000, 1.000000000000000000, -0.000000000000000000 ) ) ;
#603 = AXIS2_PLACEMENT_3D ( 'NONE', #779, #1221, #358 ) ;
#604 = ORIENTED_EDGE ( 'NONE', *, *, #468, .T. ) ;
#605 = VERTEX_POINT ( 'NONE', #600 ) ;
#606 = EDGE_CURVE ( 'NONE', #260, #651, #1445, .T. ) ;
#607 = CONICAL_SURFACE ( 'NONE', #728, 9.999999999999998224, 0.7853981633974496113 ) ;
#608 = EDGE_CURVE ( 'NONE', #664, #1570, #1393, .T. ) ;
#609 = DIRECTION ( 'NONE',  ( 0.000000000000000000, 0.000000000000000000, -1.000000000000000000 ) ) ;
#610 = DIRECTION ( 'NONE',  ( -0.000000000000000000, 1.000000000000000000, -0.000000000000000000 ) ) ;
#611 = CARTESIAN_POINT ( 'NONE',  ( 49.82682726358336822, 0.000000000000000000, 16.18779780704932136 ) ) ;
#612 = CYLINDRICAL_SURFACE ( 'NONE', #822, 4.249999999999996447 ) ;
#613 = CARTESIAN_POINT ( 'NONE',  ( 49.82682726358336822, 0.000000000000000000, 12.82229780704935429 ) ) ;
#614 = CARTESIAN_POINT ( 'NONE',  ( 75.00000000000001421, 15.00000000000000000, -19.24999999999999645 ) ) ;
#615 = ORIENTED_EDGE ( 'NONE', *, *, #1744, .T. ) ;
#616 = ORIENTED_EDGE ( 'NONE', *, *, #1825, .F. ) ;
#617 = CARTESIAN_POINT ( 'NONE',  ( -35.00000000000000000, 40.00000000000000000, 9.000000000000007105 ) ) ;
#618 = LINE ( 'NONE', #1204, #69 ) ;
#619 = ADVANCED_FACE ( 'NONE', ( #1417 ), #169, .F. ) ;
#620 = FACE_OUTER_BOUND ( 'NONE', #1472, .T. ) ;
#621 = VECTOR ( 'NONE', #489, 1000.000000000000000 ) ;
#622 = VERTEX_POINT ( 'NONE', #160 ) ;
#623 = CIRCLE ( 'NONE', #265, 3.365499999999965741 ) ;
#624 = DIRECTION ( 'NONE',  ( -0.000000000000000000, 1.000000000000000000, -0.000000000000000000 ) ) ;
#625 = ORIENTED_EDGE ( 'NONE', *, *, #1162, .F. ) ;
#626 = DIRECTION ( 'NONE',  ( -0.000000000000000000, 1.000000000000000000, -0.000000000000000000 ) ) ;
#627 = DIRECTION ( 'NONE',  ( -0.000000000000000000, 1.000000000000000000, -0.000000000000000000 ) ) ;
#628 = DIRECTION ( 'NONE',  ( 0.000000000000000000, 0.000000000000000000, 1.000000000000000000 ) ) ;
#629 = CARTESIAN_POINT ( 'NONE',  ( -17.68468729420298757, 50.00000000000000000, -36.00000000000000000 ) ) ;
#630 = ADVANCED_FACE ( 'NONE', ( #1561 ), #712, .F. ) ;
#631 = ORIENTED_EDGE ( 'NONE', *, *, #1793, .F. ) ;
#632 = DIRECTION ( 'NONE',  ( -0.000000000000000000, 1.000000000000000000, -0.000000000000000000 ) ) ;
#633 = ORIENTED_EDGE ( 'NONE', *, *, #656, .T. ) ;
#634 = CARTESIAN_POINT ( 'NONE',  ( -87.00000000000002842, 50.00000000000000000, -36.99999999999999289 ) ) ;
#635 = LINE ( 'NONE', #1203, #403 ) ;
#636 = LINE ( 'NONE', #1465, #1762 ) ;
#637 = AXIS2_PLACEMENT_3D ( 'NONE', #1736, #312, #1025 ) ;
#638 = VECTOR ( 'NONE', #394, 1000.000000000000000 ) ;
#639 = CYLINDRICAL_SURFACE ( 'NONE', #1649, 5.499999999999987566 ) ;
#640 = ORIENTED_EDGE ( 'NONE', *, *, #1076, .T. ) ;
#641 = EDGE_CURVE ( 'NONE', #187, #1674, #982, .T. ) ;
#642 = DIRECTION ( 'NONE',  ( -0.000000000000000000, 1.000000000000000000, -0.000000000000000000 ) ) ;
#643 = VERTEX_POINT ( 'NONE', #319 ) ;
#644 = EDGE_CURVE ( 'NONE', #1615, #1070, #321, .T. ) ;
#645 = FACE_OUTER_BOUND ( 'NONE', #100, .T. ) ;
#646 = CARTESIAN_POINT ( 'NONE',  ( -35.00000000000000000, 50.00000000000000000, 40.00000000000000711 ) ) ;
#647 = DIRECTION ( 'NONE',  ( -0.000000000000000000, 1.000000000000000000, -0.000000000000000000 ) ) ;
#648 = AXIS2_PLACEMENT_3D ( 'NONE', #1252, #958, #1811 ) ;
#649 = AXIS2_PLACEMENT_3D ( 'NONE', #1382, #1804, #838 ) ;
#650 = DIRECTION ( 'NONE',  ( -0.000000000000000000, 1.000000000000000000, -0.000000000000000000 ) ) ;
#651 = VERTEX_POINT ( 'NONE', #1288 ) ;
#652 = CARTESIAN_POINT ( 'NONE',  ( -80.00000000000001421, 50.00000000000000000, 30.00000000000000711 ) ) ;
#653 = COLOUR_RGB ( '',0.7921568627450980005, 0.8196078431372548767, 0.9333333333333333481 ) ;
#654 = ADVANCED_FACE ( 'NONE', ( #894 ), #332, .F. ) ;
#655 = VERTEX_POINT ( 'NONE', #1138 ) ;
#656 = EDGE_CURVE ( 'NONE', #861, #605, #733, .T. ) ;
#657 = LINE ( 'NONE', #789, #1703 ) ;
#658 = DIRECTION ( 'NONE',  ( -3.854941057726238097E-16, 0.000000000000000000, 1.000000000000000000 ) ) ;
#659 = DIRECTION ( 'NONE',  ( 0.000000000000000000, 0.000000000000000000, -1.000000000000000000 ) ) ;
#660 = APPLICATION_CONTEXT ( 'automotive_design' ) ;
#661 = DIRECTION ( 'NONE',  ( -1.000000000000000000, -0.000000000000000000, -5.938450665555907881E-16 ) ) ;
#662 = ORIENTED_EDGE ( 'NONE', *, *, #1558, .T. ) ;
#663 = CARTESIAN_POINT ( 'NONE',  ( 100.0000000000000000, 50.00000000000000000, -49.99999999999999289 ) ) ;
#664 = VERTEX_POINT ( 'NONE', #1016 ) ;
#665 = CARTESIAN_POINT ( 'NONE',  ( 68.87682726358337959, 50.00000000000000000, 19.55329780704928666 ) ) ;
#666 = APPLICATION_PROTOCOL_DEFINITION ( 'draft international standard', 'automotive_design', 1998, #660 ) ;
#667 = DIRECTION ( 'NONE',  ( -0.000000000000000000, 1.000000000000000000, -0.000000000000000000 ) ) ;
#668 = VECTOR ( 'NONE', #949, 1000.000000000000000 ) ;
#669 = EDGE_CURVE ( 'NONE', #1008, #1442, #579, .T. ) ;
#670 = CARTESIAN_POINT ( 'NONE',  ( -50.62398839969287678, 50.00000000000000000, -39.93444280220141707 ) ) ;
#671 = AXIS2_PLACEMENT_3D ( 'NONE', #544, #1375, #691 ) ;
#672 = CARTESIAN_POINT ( 'NONE',  ( -17.68468729420298757, 40.00000000000000000, -36.00000000000000000 ) ) ;
#673 = CIRCLE ( 'NONE', #1708, 4.249999999999996447 ) ;
#674 = EDGE_LOOP ( 'NONE', ( #1841, #1559, #640, #46 ) ) ;
#675 = CARTESIAN_POINT ( 'NONE',  ( -99.99999999999998579, 0.000000000000000000, 50.00000000000000711 ) ) ;
#676 = ORIENTED_EDGE ( 'NONE', *, *, #1032, .T. ) ;
#677 = ORIENTED_EDGE ( 'NONE', *, *, #560, .F. ) ;
#678 = PLANE ( 'NONE',  #410 ) ;
#679 = EDGE_CURVE ( 'NONE', #651, #1741, #291, .T. ) ;
#680 = DIRECTION ( 'NONE',  ( 0.000000000000000000, 0.000000000000000000, -1.000000000000000000 ) ) ;
#681 = DIRECTION ( 'NONE',  ( 0.000000000000000000, 0.000000000000000000, 1.000000000000000000 ) ) ;
#682 = ORIENTED_EDGE ( 'NONE', *, *, #1117, .T. ) ;
#683 = CIRCLE ( 'NONE', #1563, 4.500000000000003553 ) ;
#684 = DIRECTION ( 'NONE',  ( -0.000000000000000000, 1.000000000000000000, -0.000000000000000000 ) ) ;
#685 = ORIENTED_EDGE ( 'NONE', *, *, #1345, .T. ) ;
#686 = CIRCLE ( 'NONE', #1156, 4.999999999999997335 ) ;
#687 = ORIENTED_EDGE ( 'NONE', *, *, #118, .T. ) ;
#688 = LINE ( 'NONE', #376, #1534 ) ;
#689 = DIRECTION ( 'NONE',  ( 0.000000000000000000, 0.000000000000000000, 1.000000000000000000 ) ) ;
#690 = FACE_OUTER_BOUND ( 'NONE', #1714, .T. ) ;
#691 = DIRECTION ( 'NONE',  ( 0.000000000000000000, 0.000000000000000000, 1.000000000000000000 ) ) ;
#692 = ORIENTED_EDGE ( 'NONE', *, *, #988, .F. ) ;
#693 = CARTESIAN_POINT ( 'NONE',  ( -73.00000000000001421, 40.00000000000000000, -0.9999999999999917843 ) ) ;
#694 = EDGE_CURVE ( 'NONE', #595, #261, #1840, .T. ) ;
#695 = ORIENTED_EDGE ( 'NONE', *, *, #1781, .T. ) ;
#696 = ORIENTED_EDGE ( 'NONE', *, *, #490, .T. ) ;
#697 = LINE ( 'NONE', #1253, #1809 ) ;
#698 = DIRECTION ( 'NONE',  ( 0.000000000000000000, 0.000000000000000000, 1.000000000000000000 ) ) ;
#699 = VERTEX_POINT ( 'NONE', #1457 ) ;
#700 = LINE ( 'NONE', #842, #204 ) ;
#701 = EDGE_CURVE ( 'NONE', #557, #1008, #1186, .T. ) ;
#702 = ORIENTED_EDGE ( 'NONE', *, *, #548, .F. ) ;
#703 = ORIENTED_EDGE ( 'NONE', *, *, #1165, .F. ) ;
#704 = PLANE ( 'NONE',  #290 ) ;
#705 = PLANE ( 'NONE',  #1679 ) ;
#706 = ORIENTED_EDGE ( 'NONE', *, *, #1781, .F. ) ;
#707 = CARTESIAN_POINT ( 'NONE',  ( -35.00000000000000000, 40.00000000000000000, 5.000000000000008882 ) ) ;
#708 = ORIENTED_EDGE ( 'NONE', *, *, #311, .T. ) ;
#709 = ORIENTED_EDGE ( 'NONE', *, *, #1187, .F. ) ;
#710 = EDGE_CURVE ( 'NONE', #655, #699, #18, .T. ) ;
#711 = VECTOR ( 'NONE', #1789, 1000.000000000000000 ) ;
#712 = CYLINDRICAL_SURFACE ( 'NONE', #1213, 2.999999999999994227 ) ;
#713 = CIRCLE ( 'NONE', #1422, 5.499999999999994671 ) ;
#714 = FACE_OUTER_BOUND ( 'NONE', #1182, .T. ) ;
#715 = EDGE_LOOP ( 'NONE', ( #257, #6, #1433, #841, #1013, #393, #1790, #102, #1696, #1004, #521, #306, #1486, #587, #1247, #909, #1826, #379, #554, #1169, #616, #964, #1659, #523, #1278 ) ) ;
#716 = LINE ( 'NONE', #581, #501 ) ;
#717 = ORIENTED_EDGE ( 'NONE', *, *, #1666, .F. ) ;
#718 = ORIENTED_EDGE ( 'NONE', *, *, #219, .T. ) ;
#719 = DIRECTION ( 'NONE',  ( 0.000000000000000000, 0.7071067811865464625, 0.7071067811865486830 ) ) ;
#720 = CARTESIAN_POINT ( 'NONE',  ( -87.00000000000002842, 40.00000000000000000, 2.000000000000008438 ) ) ;
#721 = EDGE_CURVE ( 'NONE', #893, #1412, #561, .T. ) ;
#722 = DIRECTION ( 'NONE',  ( -0.000000000000000000, 1.000000000000000000, -0.000000000000000000 ) ) ;
#723 = AXIS2_PLACEMENT_3D ( 'NONE', #1609, #456, #189 ) ;
#724 = ORIENTED_EDGE ( 'NONE', *, *, #127, .T. ) ;
#725 = EDGE_CURVE ( 'NONE', #52, #1806, #1304, .T. ) ;
#726 = CARTESIAN_POINT ( 'NONE',  ( 49.82682726358336822, 0.000000000000000000, 16.18779780704932136 ) ) ;
#727 = PLANE ( 'NONE',  #84 ) ;
#728 = AXIS2_PLACEMENT_3D ( 'NONE', #333, #218, #344 ) ;
#729 = VERTEX_POINT ( 'NONE', #467 ) ;
#730 = VECTOR ( 'NONE', #1464, 1000.000000000000000 ) ;
#731 = EDGE_LOOP ( 'NONE', ( #1516, #1285 ) ) ;
#732 = CARTESIAN_POINT ( 'NONE',  ( -6.000000000000012434, 40.00000000000000000, -0.9999999999999904521 ) ) ;
#733 = LINE ( 'NONE', #31, #112 ) ;
#734 = LINE ( 'NONE', #1848, #547 ) ;
#735 = EDGE_CURVE ( 'NONE', #699, #595, #449, .T. ) ;
#736 = LINE ( 'NONE', #1168, #248 ) ;
#737 = VERTEX_POINT ( 'NONE', #1040 ) ;
#738 = PRESENTATION_STYLE_ASSIGNMENT (( #1730 ) ) ;
#739 = ORIENTED_EDGE ( 'NONE', *, *, #641, .T. ) ;
#740 = VECTOR ( 'NONE', #1681, 1000.000000000000000 ) ;
#741 = DIRECTION ( 'NONE',  ( -0.000000000000000000, 1.000000000000000000, -0.000000000000000000 ) ) ;
#742 = DIRECTION ( 'NONE',  ( 0.000000000000000000, 0.000000000000000000, 1.000000000000000000 ) ) ;
#743 = VECTOR ( 'NONE', #9, 1000.000000000000000 ) ;
#744 = CARTESIAN_POINT ( 'NONE',  ( -99.99999999999998579, 0.000000000000000000, 50.00000000000000711 ) ) ;
#745 = AXIS2_PLACEMENT_3D ( 'NONE', #858, #887, #593 ) ;
#746 = LINE ( 'NONE', #1179, #1750 ) ;
#747 = EDGE_LOOP ( 'NONE', ( #1543, #631, #709, #866 ) ) ;
#748 = EDGE_CURVE ( 'NONE', #1738, #412, #1603, .T. ) ;
#749 = LINE ( 'NONE', #1723, #383 ) ;
#750 = VERTEX_POINT ( 'NONE', #1576 ) ;
#751 = CYLINDRICAL_SURFACE ( 'NONE', #172, 2.999999999999999112 ) ;
#752 = DIRECTION ( 'NONE',  ( 1.000000000000000000, -0.000000000000000000, -0.000000000000000000 ) ) ;
#753 = DIRECTION ( 'NONE',  ( 0.000000000000000000, 0.000000000000000000, 1.000000000000000000 ) ) ;
#754 = CYLINDRICAL_SURFACE ( 'NONE', #1617, 4.499999999999997335 ) ;
#755 = DIRECTION ( 'NONE',  ( 1.387778780781445676E-16, 0.000000000000000000, 1.000000000000000000 ) ) ;
#756 = AXIS2_PLACEMENT_3D ( 'NONE', #1652, #800, #1761 ) ;
#757 = DIRECTION ( 'NONE',  ( -0.000000000000000000, 1.000000000000000000, -0.000000000000000000 ) ) ;
#758 = EDGE_CURVE ( 'NONE', #1063, #1705, #862, .T. ) ;
#759 = ORIENTED_EDGE ( 'NONE', *, *, #311, .F. ) ;
#760 = AXIS2_PLACEMENT_3D ( 'NONE', #793, #916, #487 ) ;
#761 = AXIS2_PLACEMENT_3D ( 'NONE', #1784, #610, #1175 ) ;
#762 = ORIENTED_EDGE ( 'NONE', *, *, #988, .T. ) ;
#763 = CARTESIAN_POINT ( 'NONE',  ( 100.0000000000000000, 15.00000000000000000, -15.00000000000000000 ) ) ;
#764 = CARTESIAN_POINT ( 'NONE',  ( -80.00000000000001421, 50.00000000000000000, 30.00000000000000711 ) ) ;
#765 = DIRECTION ( 'NONE',  ( 0.000000000000000000, 0.000000000000000000, 1.000000000000000000 ) ) ;
#766 = MANIFOLD_SOLID_BREP ( 'Slot', #497 ) ;
#767 = ORIENTED_EDGE ( 'NONE', *, *, #1494, .T. ) ;
#768 = CARTESIAN_POINT ( 'NONE',  ( -50.62398839969287678, 50.00000000000000000, -39.93444280220141707 ) ) ;
#769 = ORIENTED_EDGE ( 'NONE', *, *, #1268, .T. ) ;
#770 = DIRECTION ( 'NONE',  ( -0.000000000000000000, 1.000000000000000000, -0.000000000000000000 ) ) ;
#771 = CARTESIAN_POINT ( 'NONE',  ( -57.00000000000000000, 40.00000000000000000, -0.9999999999999917843 ) ) ;
#772 = FACE_OUTER_BOUND ( 'NONE', #747, .T. ) ;
#773 = CIRCLE ( 'NONE', #1535, 5.000000000000004441 ) ;
#774 = EDGE_CURVE ( 'NONE', #1816, #826, #55, .T. ) ;
#775 = FACE_OUTER_BOUND ( 'NONE', #973, .T. ) ;
#776 = VECTOR ( 'NONE', #1330, 1000.000000000000000 ) ;
#777 = LINE ( 'NONE', #1198, #621 ) ;
#778 = ORIENTED_EDGE ( 'NONE', *, *, #965, .F. ) ;
#779 = CARTESIAN_POINT ( 'NONE',  ( 9.999999999999994671, 50.00000000000000000, 30.00000000000001066 ) ) ;
#780 = CARTESIAN_POINT ( 'NONE',  ( -80.00000000000001421, 44.70000000000000284, 30.00000000000000711 ) ) ;
#781 = CARTESIAN_POINT ( 'NONE',  ( 80.00000000000001421, 44.70000000000000284, -20.99449999999999505 ) ) ;
#782 = EDGE_CURVE ( 'NONE', #869, #1264, #35, .T. ) ;
#783 = CYLINDRICAL_SURFACE ( 'NONE', #455, 2.999999999999988898 ) ;
#784 = EDGE_CURVE ( 'NONE', #1775, #1738, #749, .T. ) ;
#785 = ORIENTED_EDGE ( 'NONE', *, *, #915, .F. ) ;
#786 = DIRECTION ( 'NONE',  ( -0.000000000000000000, 1.000000000000000000, -0.000000000000000000 ) ) ;
#787 = ORIENTED_EDGE ( 'NONE', *, *, #1571, .F. ) ;
#788 = AXIS2_PLACEMENT_3D ( 'NONE', #764, #360, #351 ) ;
#789 = CARTESIAN_POINT ( 'NONE',  ( 80.00000000000001421, 50.00000000000000000, -39.00549999999999784 ) ) ;
#790 = LINE ( 'NONE', #1355, #638 ) ;
#791 = LINE ( 'NONE', #1631, #515 ) ;
#792 = AXIS2_PLACEMENT_3D ( 'NONE', #802, #937, #1787 ) ;
#793 = CARTESIAN_POINT ( 'NONE',  ( -80.00000000000001421, 50.00000000000000000, 30.00000000000000711 ) ) ;
#794 = EDGE_CURVE ( 'NONE', #750, #1154, #304, .T. ) ;
#795 = VERTEX_POINT ( 'NONE', #1144 ) ;
#796 = FACE_OUTER_BOUND ( 'NONE', #63, .T. ) ;
#797 = EDGE_CURVE ( 'NONE', #1469, #1154, #175, .T. ) ;
#798 = ORIENTED_EDGE ( 'NONE', *, *, #1732, .F. ) ;
#799 = LINE ( 'NONE', #1363, #155 ) ;
#800 = DIRECTION ( 'NONE',  ( -0.000000000000000000, 1.000000000000000000, -0.000000000000000000 ) ) ;
#801 = VECTOR ( 'NONE', #1838, 1000.000000000000000 ) ;
#802 = CARTESIAN_POINT ( 'NONE',  ( -32.00000000000000000, 40.00000000000000000, 5.000000000000007994 ) ) ;
#803 = AXIS2_PLACEMENT_3D ( 'NONE', #473, #330, #1147 ) ;
#804 = VERTEX_POINT ( 'NONE', #452 ) ;
#805 = CARTESIAN_POINT ( 'NONE',  ( -80.00000000000001421, 50.00000000000000000, 30.00000000000000711 ) ) ;
#806 = VECTOR ( 'NONE', #757, 1000.000000000000000 ) ;
#807 = ADVANCED_FACE ( 'NONE', ( #1713 ), #727, .T. ) ;
#808 = VECTOR ( 'NONE', #1377, 1000.000000000000000 ) ;
#809 = EDGE_LOOP ( 'NONE', ( #130, #285 ) ) ;
#810 = PLANE ( 'NONE',  #1612 ) ;
#811 = FACE_OUTER_BOUND ( 'NONE', #384, .T. ) ;
#812 = EDGE_CURVE ( 'NONE', #750, #337, #356, .T. ) ;
#813 = CYLINDRICAL_SURFACE ( 'NONE', #7, 2.999999999999995559 ) ;
#814 = ORIENTED_EDGE ( 'NONE', *, *, #1766, .T. ) ;
#815 = DIRECTION ( 'NONE',  ( -0.000000000000000000, 1.000000000000000000, -0.000000000000000000 ) ) ;
#816 = ORIENTED_EDGE ( 'NONE', *, *, #1165, .T. ) ;
#817 = ORIENTED_EDGE ( 'NONE', *, *, #1655, .F. ) ;
#818 = FACE_OUTER_BOUND ( 'NONE', #577, .T. ) ;
#819 = CIRCLE ( 'NONE', #188, 2.999999999999995559 ) ;
#820 = CARTESIAN_POINT ( 'NONE',  ( -32.00000000000000000, 40.00000000000000000, 5.000000000000007994 ) ) ;
#821 = DIRECTION ( 'NONE',  ( 0.000000000000000000, 0.000000000000000000, 1.000000000000000000 ) ) ;
#822 = AXIS2_PLACEMENT_3D ( 'NONE', #763, #752, #190 ) ;
#823 = EDGE_LOOP ( 'NONE', ( #1694, #167, #228, #559 ) ) ;
#824 = CARTESIAN_POINT ( 'NONE',  ( 49.82682726358336822, 0.000000000000000000, 19.55329780704928666 ) ) ;
#825 = ORIENTED_EDGE ( 'NONE', *, *, #977, .F. ) ;
#826 = VERTEX_POINT ( 'NONE', #185 ) ;
#827 = CARTESIAN_POINT ( 'NONE',  ( -80.00000000000001421, 44.70000000000000284, 25.50000000000000355 ) ) ;
#828 = LINE ( 'NONE', #855, #495 ) ;
#829 = EDGE_CURVE ( 'NONE', #804, #132, #435, .T. ) ;
#830 = CARTESIAN_POINT ( 'NONE',  ( -45.00000000000000711, 40.00000000000000000, 9.000000000000007105 ) ) ;
#831 = ORIENTED_EDGE ( 'NONE', *, *, #812, .T. ) ;
#832 = VECTOR ( 'NONE', #1409, 1000.000000000000000 ) ;
#833 = DIRECTION ( 'NONE',  ( 0.000000000000000000, 0.000000000000000000, -1.000000000000000000 ) ) ;
#834 = CIRCLE ( 'NONE', #23, 3.000000000000001332 ) ;
#835 = VECTOR ( 'NONE', #1776, 1000.000000000000000 ) ;
#836 = ORIENTED_EDGE ( 'NONE', *, *, #1825, .T. ) ;
#837 = ORIENTED_EDGE ( 'NONE', *, *, #945, .T. ) ;
#838 = DIRECTION ( 'NONE',  ( 0.000000000000000000, 0.000000000000000000, 1.000000000000000000 ) ) ;
#839 = CARTESIAN_POINT ( 'NONE',  ( 80.00000000000001421, 44.70000000000000284, -34.50000000000000000 ) ) ;
#840 = ADVANCED_FACE ( 'NONE', ( #1181, #1011 ), #471, .F. ) ;
#841 = ORIENTED_EDGE ( 'NONE', *, *, #1700, .F. ) ;
#842 = CARTESIAN_POINT ( 'NONE',  ( -60.00000000000000000, 40.00000000000000000, -4.999999999999991118 ) ) ;
#843 = EDGE_CURVE ( 'NONE', #1136, #1361, #1722, .T. ) ;
#844 = VERTEX_POINT ( 'NONE', #596 ) ;
#845 = ORIENTED_EDGE ( 'NONE', *, *, #335, .F. ) ;
#846 = AXIS2_PLACEMENT_3D ( 'NONE', #1356, #1212, #1785 ) ;
#847 = CARTESIAN_POINT ( 'NONE',  ( -99.99999999999998579, 50.00000000000000000, 50.00000000000000711 ) ) ;
#848 = CARTESIAN_POINT ( 'NONE',  ( -17.68468729420298757, 40.00000000000000000, -33.00000000000000000 ) ) ;
#849 = EDGE_LOOP ( 'NONE', ( #411, #1090, #420, #798 ) ) ;
#850 = EDGE_CURVE ( 'NONE', #1305, #187, #1027, .T. ) ;
#851 = FACE_BOUND ( 'NONE', #1638, .T. ) ;
#852 = ADVANCED_FACE ( 'NONE', ( #1757 ), #53, .F. ) ;
#853 = ORIENTED_EDGE ( 'NONE', *, *, #977, .T. ) ;
#854 = ORIENTED_EDGE ( 'NONE', *, *, #516, .T. ) ;
#855 = CARTESIAN_POINT ( 'NONE',  ( 9.999999999999994671, 50.00000000000000000, 40.00000000000000711 ) ) ;
#856 = DIRECTION ( 'NONE',  ( 0.000000000000000000, 0.000000000000000000, 1.000000000000000000 ) ) ;
#857 = ORIENTED_EDGE ( 'NONE', *, *, #644, .F. ) ;
#858 = CARTESIAN_POINT ( 'NONE',  ( -65.00000000000000000, 40.00000000000000000, -4.999999999999990230 ) ) ;
#859 = ADVANCED_FACE ( 'NONE', ( #1496 ), #212, .F. ) ;
#860 = ORIENTED_EDGE ( 'NONE', *, *, #287, .T. ) ;
#861 = VERTEX_POINT ( 'NONE', #1079 ) ;
#862 = CIRCLE ( 'NONE', #1249, 4.499999999999990230 ) ;
#863 = CARTESIAN_POINT ( 'NONE',  ( -45.00000000000000711, 40.00000000000000000, 5.000000000000007994 ) ) ;
#864 = DIRECTION ( 'NONE',  ( 0.000000000000000000, 0.000000000000000000, -1.000000000000000000 ) ) ;
#865 = CARTESIAN_POINT ( 'NONE',  ( 9.999999999999994671, 50.00000000000000000, 30.00000000000001066 ) ) ;
#866 = ORIENTED_EDGE ( 'NONE', *, *, #965, .T. ) ;
#867 = DIRECTION ( 'NONE',  ( -0.000000000000000000, -1.000000000000000000, -0.000000000000000000 ) ) ;
#868 = DIRECTION ( 'NONE',  ( 0.000000000000000000, 0.000000000000000000, -1.000000000000000000 ) ) ;
#869 = VERTEX_POINT ( 'NONE', #929 ) ;
#870 = ORIENTED_EDGE ( 'NONE', *, *, #1492, .F. ) ;
#871 = EDGE_CURVE ( 'NONE', #1361, #1816, #1207, .T. ) ;
#872 = PLANE ( 'NONE',  #140 ) ;
#873 = DIRECTION ( 'NONE',  ( 0.000000000000000000, 0.000000000000000000, 1.000000000000000000 ) ) ;
#874 = CYLINDRICAL_SURFACE ( 'NONE', #1801, 3.365499999999965741 ) ;
#875 = CIRCLE ( 'NONE', #1644, 2.999999999999999112 ) ;
#876 = LINE ( 'NONE', #164, #1381 ) ;
#877 = ORIENTED_EDGE ( 'NONE', *, *, #1022, .F. ) ;
#878 = DIRECTION ( 'NONE',  ( -0.000000000000000000, 1.000000000000000000, -0.000000000000000000 ) ) ;
#879 = AXIS2_PLACEMENT_3D ( 'NONE', #1189, #90, #1502 ) ;
#880 = ORIENTED_EDGE ( 'NONE', *, *, #1234, .T. ) ;
#881 = CIRCLE ( 'NONE', #576, 3.000000000000001332 ) ;
#882 = ORIENTED_EDGE ( 'NONE', *, *, #12, .T. ) ;
#883 = FACE_OUTER_BOUND ( 'NONE', #1209, .T. ) ;
#884 = CARTESIAN_POINT ( 'NONE',  ( 9.999999999999994671, 50.00000000000000000, 30.00000000000001066 ) ) ;
#885 = CARTESIAN_POINT ( 'NONE',  ( -35.00000000000000000, 50.00000000000000000, 20.00000000000000711 ) ) ;
#886 = EDGE_CURVE ( 'NONE', #1806, #52, #116, .T. ) ;
#887 = DIRECTION ( 'NONE',  ( 0.000000000000000000, -1.000000000000000000, 0.000000000000000000 ) ) ;
#888 = ADVANCED_FACE ( 'NONE', ( #195 ), #74, .F. ) ;
#889 = ORIENTED_EDGE ( 'NONE', *, *, #735, .F. ) ;
#890 =( NAMED_UNIT ( * ) PLANE_ANGLE_UNIT ( ) SI_UNIT ( $, .RADIAN. ) );
#891 = VERTEX_POINT ( 'NONE', #1054 ) ;
#892 = CIRCLE ( 'NONE', #923, 4.499999999999990230 ) ;
#893 = VERTEX_POINT ( 'NONE', #768 ) ;
#894 = FACE_OUTER_BOUND ( 'NONE', #1432, .T. ) ;
#895 = CIRCLE ( 'NONE', #1539, 9.005499999999999616 ) ;
#896 = CARTESIAN_POINT ( 'NONE',  ( -35.00000000000000000, 45.50000000000000711, 30.00000000000001066 ) ) ;
#897 = AXIS2_PLACEMENT_3D ( 'NONE', #541, #1651, #1686 ) ;
#898 = DIRECTION ( 'NONE',  ( 1.000000000000000000, -0.000000000000000000, -0.000000000000000000 ) ) ;
#899 = ADVANCED_FACE ( 'NONE', ( #796 ), #1349, .F. ) ;
#900 = DIRECTION ( 'NONE',  ( -0.000000000000000000, -1.000000000000000000, -0.000000000000000000 ) ) ;
#901 = EDGE_LOOP ( 'NONE', ( #1407, #889, #91, #146 ) ) ;
#902 = FACE_BOUND ( 'NONE', #1419, .T. ) ;
#903 = CARTESIAN_POINT ( 'NONE',  ( -3.000000000000016431, 40.00000000000000000, -29.99999999999999645 ) ) ;
#904 = DIRECTION ( 'NONE',  ( -0.000000000000000000, 1.000000000000000000, -0.000000000000000000 ) ) ;
#905 = CYLINDRICAL_SURFACE ( 'NONE', #760, 9.005499999999999616 ) ;
#906 = AXIS2_PLACEMENT_3D ( 'NONE', #225, #626, #1354 ) ;
#907 = SURFACE_SIDE_STYLE ('',( #1170 ) ) ;
#908 = EDGE_CURVE ( 'NONE', #1570, #595, #522, .T. ) ;
#909 = ORIENTED_EDGE ( 'NONE', *, *, #694, .F. ) ;
#910 = VECTOR ( 'NONE', #236, 1000.000000000000000 ) ;
#911 = AXIS2_PLACEMENT_3D ( 'NONE', #1591, #998, #320 ) ;
#912 = CARTESIAN_POINT ( 'NONE',  ( 80.00000000000001421, 44.70000000000000284, -39.00549999999999784 ) ) ;
#913 = LINE ( 'NONE', #617, #281 ) ;
#914 = DIRECTION ( 'NONE',  ( -0.000000000000000000, 1.000000000000000000, -0.000000000000000000 ) ) ;
#915 = EDGE_CURVE ( 'NONE', #231, #309, #895, .T. ) ;
#916 = DIRECTION ( 'NONE',  ( -0.000000000000000000, 1.000000000000000000, -0.000000000000000000 ) ) ;
#917 = DIRECTION ( 'NONE',  ( -0.000000000000000000, -0.000000000000000000, -1.000000000000000000 ) ) ;
#918 = ORIENTED_EDGE ( 'NONE', *, *, #1666, .T. ) ;
#919 = EDGE_CURVE ( 'NONE', #1705, #446, #1071, .T. ) ;
#920 = CARTESIAN_POINT ( 'NONE',  ( -80.00000000000001421, 50.00000000000000000, 20.99450000000000571 ) ) ;
#921 = CARTESIAN_POINT ( 'NONE',  ( -35.00000000000000000, 0.000000000000000000, 30.00000000000001066 ) ) ;
#922 = PLANE ( 'NONE',  #1550 ) ;
#923 = AXIS2_PLACEMENT_3D ( 'NONE', #1066, #1475, #200 ) ;
#924 = AXIS2_PLACEMENT_3D ( 'NONE', #1174, #1287, #168 ) ;
#925 = EDGE_CURVE ( 'NONE', #75, #1020, #947, .T. ) ;
#926 = CARTESIAN_POINT ( 'NONE',  ( 100.0000000000000000, 50.00000000000000000, -49.99999999999999289 ) ) ;
#927 = AXIS2_PLACEMENT_3D ( 'NONE', #652, #1625, #499 ) ;
#928 = VERTEX_POINT ( 'NONE', #1798 ) ;
#929 = CARTESIAN_POINT ( 'NONE',  ( -100.0000000000000000, 50.00000000000000000, -49.99999999999999289 ) ) ;
#930 = VERTEX_POINT ( 'NONE', #1190 ) ;
#931 = UNCERTAINTY_MEASURE_WITH_UNIT (LENGTH_MEASURE( 1.000000000000000082E-05 ), #1660, 'distance_accuracy_value', 'NONE');
#932 = DIRECTION ( 'NONE',  ( 1.000000000000000000, 0.000000000000000000, -1.387778780781445676E-16 ) ) ;
#933 = CARTESIAN_POINT ( 'NONE',  ( -80.00000000000001421, 44.70000000000000284, 39.00550000000000495 ) ) ;
#934 = DIRECTION ( 'NONE',  ( -0.000000000000000000, 1.000000000000000000, -0.000000000000000000 ) ) ;
#935 = EDGE_CURVE ( 'NONE', #643, #241, #1214, .T. ) ;
#936 = ADVANCED_FACE ( 'NONE', ( #1370 ), #1478, .F. ) ;
#937 = DIRECTION ( 'NONE',  ( -0.000000000000000000, 1.000000000000000000, -0.000000000000000000 ) ) ;
#938 = ORIENTED_EDGE ( 'NONE', *, *, #1796, .F. ) ;
#939 = CARTESIAN_POINT ( 'NONE',  ( -45.00000000000000711, 40.00000000000000000, 5.000000000000007994 ) ) ;
#940 = ORIENTED_EDGE ( 'NONE', *, *, #256, .F. ) ;
#941 = CARTESIAN_POINT ( 'NONE',  ( 9.999999999999996447, 50.00000000000000000, 20.00000000000000711 ) ) ;
#942 = DIRECTION ( 'NONE',  ( 0.000000000000000000, 1.000000000000000000, 0.000000000000000000 ) ) ;
#943 = CARTESIAN_POINT ( 'NONE',  ( -3.000000000000016431, 40.00000000000000000, -29.99999999999999645 ) ) ;
#944 = CARTESIAN_POINT ( 'NONE',  ( -90.00000000000000000, 50.00000000000000000, -36.99999999999999289 ) ) ;
#945 = EDGE_CURVE ( 'NONE', #891, #1315, #92, .T. ) ;
#946 = EDGE_LOOP ( 'NONE', ( #1376, #1163, #1564, #1497 ) ) ;
#947 = LINE ( 'NONE', #1226, #835 ) ;
#948 = VERTEX_POINT ( 'NONE', #1637 ) ;
#949 = DIRECTION ( 'NONE',  ( -0.000000000000000000, 1.000000000000000000, -0.000000000000000000 ) ) ;
#950 = DIRECTION ( 'NONE',  ( -1.000000000000000000, 0.000000000000000000, -3.854941057726238097E-16 ) ) ;
#951 = DIRECTION ( 'NONE',  ( -3.097720492815724577E-17, 0.000000000000000000, 1.000000000000000000 ) ) ;
#952 = ORIENTED_EDGE ( 'NONE', *, *, #148, .F. ) ;
#953 = DIRECTION ( 'NONE',  ( 0.000000000000000000, 0.000000000000000000, -1.000000000000000000 ) ) ;
#954 = AXIS2_PLACEMENT_3D ( 'NONE', #1767, #1647, #1360 ) ;
#955 = VECTOR ( 'NONE', #276, 1000.000000000000000 ) ;
#956 = ORIENTED_EDGE ( 'NONE', *, *, #1220, .F. ) ;
#957 = EDGE_LOOP ( 'NONE', ( #1424, #759, #1540, #532 ) ) ;
#958 = DIRECTION ( 'NONE',  ( 0.000000000000000000, 0.000000000000000000, 1.000000000000000000 ) ) ;
#959 = CARTESIAN_POINT ( 'NONE',  ( 80.00000000000001421, 44.70000000000000284, -29.99999999999999645 ) ) ;
#960 = PLANE ( 'NONE',  #1010 ) ;
#961 = LINE ( 'NONE', #848, #1028 ) ;
#962 = EDGE_LOOP ( 'NONE', ( #1513, #986, #1123, #509 ) ) ;
#963 = CARTESIAN_POINT ( 'NONE',  ( 80.00000000000001421, 50.00000000000000000, -39.00549999999999784 ) ) ;
#964 = ORIENTED_EDGE ( 'NONE', *, *, #721, .F. ) ;
#965 = EDGE_CURVE ( 'NONE', #213, #1118, #777, .T. ) ;
#966 = ORIENTED_EDGE ( 'NONE', *, *, #1246, .T. ) ;
#967 = PLANE ( 'NONE',  #1037 ) ;
#968 = AXIS2_PLACEMENT_3D ( 'NONE', #1773, #1328, #1491 ) ;
#969 = CARTESIAN_POINT ( 'NONE',  ( 100.0000000000000000, 0.000000000000000000, 50.00000000000000711 ) ) ;
#970 = AXIS2_PLACEMENT_3D ( 'NONE', #193, #1623, #1050 ) ;
#971 = DIRECTION ( 'NONE',  ( 0.000000000000000000, 0.000000000000000000, 1.000000000000000000 ) ) ;
#972 = CIRCLE ( 'NONE', #161, 4.500000000000003553 ) ;
#973 = EDGE_LOOP ( 'NONE', ( #706, #1238, #1399, #987 ) ) ;
#974 = FACE_BOUND ( 'NONE', #1627, .T. ) ;
#975 = ORIENTED_EDGE ( 'NONE', *, *, #1111, .F. ) ;
#976 = SHAPE_DEFINITION_REPRESENTATION ( #224, #1577 ) ;
#977 = EDGE_CURVE ( 'NONE', #1797, #1264, #1062, .T. ) ;
#978 = LINE ( 'NONE', #847, #740 ) ;
#979 = LINE ( 'NONE', #830, #158 ) ;
#980 = EDGE_CURVE ( 'NONE', #400, #1380, #700, .T. ) ;
#981 = ORIENTED_EDGE ( 'NONE', *, *, #253, .T. ) ;
#982 = CIRCLE ( 'NONE', #1124, 9.999999999999998224 ) ;
#983 = CARTESIAN_POINT ( 'NONE',  ( -99.99999999999998579, 50.00000000000000000, 50.00000000000000711 ) ) ;
#984 = VECTOR ( 'NONE', #878, 1000.000000000000000 ) ;
#985 = CIRCLE ( 'NONE', #416, 2.999999999999988898 ) ;
#986 = ORIENTED_EDGE ( 'NONE', *, *, #1677, .F. ) ;
#987 = ORIENTED_EDGE ( 'NONE', *, *, #1032, .F. ) ;
#988 = EDGE_CURVE ( 'NONE', #1429, #557, #686, .T. ) ;
#989 = DIRECTION ( 'NONE',  ( 0.000000000000000000, 0.7071067811865465735, 0.7071067811865484609 ) ) ;
#990 = CARTESIAN_POINT ( 'NONE',  ( -17.68468729420298757, 40.00000000000000000, -33.00000000000000000 ) ) ;
#991 = EDGE_CURVE ( 'NONE', #699, #622, #834, .T. ) ;
#992 = ORIENTED_EDGE ( 'NONE', *, *, #148, .T. ) ;
#993 = LINE ( 'NONE', #1549, #176 ) ;
#994 = ORIENTED_EDGE ( 'NONE', *, *, #850, .T. ) ;
#995 = EDGE_LOOP ( 'NONE', ( #1206, #345 ) ) ;
#996 = AXIS2_PLACEMENT_3D ( 'NONE', #1210, #215, #1373 ) ;
#997 = LINE ( 'NONE', #414, #1331 ) ;
#998 = DIRECTION ( 'NONE',  ( 1.000000000000000000, -0.000000000000000000, -0.000000000000000000 ) ) ;
#999 = AXIS2_PLACEMENT_3D ( 'NONE', #1205, #508, #1077 ) ;
#1000 = ORIENTED_EDGE ( 'NONE', *, *, #256, .T. ) ;
#1001 = CARTESIAN_POINT ( 'NONE',  ( -35.00000000000000000, 40.00000000000000000, 9.000000000000007105 ) ) ;
#1002 = ADVANCED_FACE ( 'NONE', ( #401 ), #1532, .F. ) ;
#1003 = AXIS2_PLACEMENT_3D ( 'NONE', #182, #1033, #292 ) ;
#1004 = ORIENTED_EDGE ( 'NONE', *, *, #1140, .F. ) ;
#1005 = ORIENTED_EDGE ( 'NONE', *, *, #396, .F. ) ;
#1006 = DIRECTION ( 'NONE',  ( -0.000000000000000000, 1.000000000000000000, -0.000000000000000000 ) ) ;
#1007 = DIRECTION ( 'NONE',  ( -0.000000000000000000, 1.000000000000000000, -0.000000000000000000 ) ) ;
#1008 = VERTEX_POINT ( 'NONE', #1134 ) ;
#1009 = DIRECTION ( 'NONE',  ( 0.000000000000000000, 0.000000000000000000, -1.000000000000000000 ) ) ;
#1010 = AXIS2_PLACEMENT_3D ( 'NONE', #535, #1536, #106 ) ;
#1011 = FACE_OUTER_BOUND ( 'NONE', #1379, .T. ) ;
#1012 = ORIENTED_EDGE ( 'NONE', *, *, #925, .T. ) ;
#1013 = ORIENTED_EDGE ( 'NONE', *, *, #774, .F. ) ;
#1014 = VECTOR ( 'NONE', #624, 1000.000000000000000 ) ;
#1015 = FACE_OUTER_BOUND ( 'NONE', #731, .T. ) ;
#1016 = CARTESIAN_POINT ( 'NONE',  ( -90.00000000000001421, 50.00000000000000000, -0.9999999999999924505 ) ) ;
#1017 = DIRECTION ( 'NONE',  ( -0.000000000000000000, 1.000000000000000000, -0.000000000000000000 ) ) ;
#1018 = DIRECTION ( 'NONE',  ( 1.734723475976807094E-15, 0.000000000000000000, 1.000000000000000000 ) ) ;
#1019 = DIRECTION ( 'NONE',  ( -1.000000000000000000, -0.000000000000000000, -0.000000000000000000 ) ) ;
#1020 = VERTEX_POINT ( 'NONE', #1667 ) ;
#1021 = ORIENTED_EDGE ( 'NONE', *, *, #71, .T. ) ;
#1022 = EDGE_CURVE ( 'NONE', #928, #1551, #713, .T. ) ;
#1023 = CARTESIAN_POINT ( 'NONE',  ( -35.00000000000000000, 50.00000000000000000, 20.00000000000000711 ) ) ;
#1024 = CARTESIAN_POINT ( 'NONE',  ( 80.00000000000001421, 50.00000000000000000, -29.99999999999999645 ) ) ;
#1025 = DIRECTION ( 'NONE',  ( 0.000000000000000000, 0.000000000000000000, -1.000000000000000000 ) ) ;
#1026 = DIRECTION ( 'NONE',  ( 1.000000000000000000, 0.000000000000000000, 0.000000000000000000 ) ) ;
#1027 = LINE ( 'NONE', #1218, #711 ) ;
#1028 = VECTOR ( 'NONE', #1805, 1000.000000000000000 ) ;
#1029 = EDGE_LOOP ( 'NONE', ( #1619, #787, #408, #708 ) ) ;
#1030 = CARTESIAN_POINT ( 'NONE',  ( 49.82682726358336822, 50.00000000000000000, 12.82229780704935429 ) ) ;
#1031 = DIRECTION ( 'NONE',  ( -0.000000000000000000, 1.000000000000000000, -0.000000000000000000 ) ) ;
#1032 = EDGE_CURVE ( 'NONE', #537, #1551, #238, .T. ) ;
#1033 = DIRECTION ( 'NONE',  ( -0.000000000000000000, 1.000000000000000000, -0.000000000000000000 ) ) ;
#1034 = EDGE_CURVE ( 'NONE', #1834, #472, #1413, .T. ) ;
#1035 = CARTESIAN_POINT ( 'NONE',  ( -3.000000000000016431, 40.00000000000000000, -29.99999999999999645 ) ) ;
#1036 = ORIENTED_EDGE ( 'NONE', *, *, #287, .F. ) ;
#1037 = AXIS2_PLACEMENT_3D ( 'NONE', #1527, #950, #1803 ) ;
#1038 = DIRECTION ( 'NONE',  ( -0.000000000000000000, 1.000000000000000000, -0.000000000000000000 ) ) ;
#1039 = CARTESIAN_POINT ( 'NONE',  ( 49.82682726358335401, 0.000000000000000000, 12.82229780704935429 ) ) ;
#1040 = CARTESIAN_POINT ( 'NONE',  ( -60.00000000000000711, 50.00000000000000000, -0.9999999999999924505 ) ) ;
#1041 = VECTOR ( 'NONE', #1294, 1000.000000000000000 ) ;
#1042 = AXIS2_PLACEMENT_3D ( 'NONE', #1565, #144, #451 ) ;
#1043 = CARTESIAN_POINT ( 'NONE',  ( -35.00000000000000000, 50.00000000000000000, 30.00000000000001066 ) ) ;
#1044 = ADVANCED_FACE ( 'NONE', ( #390, #851, #566, #419, #974, #546, #1237 ), #1702, .T. ) ;
#1045 = ORIENTED_EDGE ( 'NONE', *, *, #88, .T. ) ;
#1046 = EDGE_LOOP ( 'NONE', ( #480, #1800, #1726, #389 ) ) ;
#1047 = LINE ( 'NONE', #863, #98 ) ;
#1048 = DIRECTION ( 'NONE',  ( 1.000000000000000000, -0.000000000000000000, -0.000000000000000000 ) ) ;
#1049 = DIRECTION ( 'NONE',  ( -0.000000000000000000, 1.000000000000000000, -0.000000000000000000 ) ) ;
#1050 = DIRECTION ( 'NONE',  ( 1.000000000000000000, 0.000000000000000000, -0.000000000000000000 ) ) ;
#1051 = VECTOR ( 'NONE', #198, 1000.000000000000000 ) ;
#1052 = ORIENTED_EDGE ( 'NONE', *, *, #1618, .F. ) ;
#1053 = EDGE_CURVE ( 'NONE', #83, #1305, #136, .T. ) ;
#1054 = CARTESIAN_POINT ( 'NONE',  ( 100.0000000000000000, 50.00000000000000000, 50.00000000000000711 ) ) ;
#1055 = EDGE_LOOP ( 'NONE', ( #65, #1128, #297, #119 ) ) ;
#1056 = VECTOR ( 'NONE', #1048, 1000.000000000000000 ) ;
#1057 = LINE ( 'NONE', #665, #1466 ) ;
#1058 = CARTESIAN_POINT ( 'NONE',  ( 100.0000000000000000, 15.00000000000000000, -19.24999999999999645 ) ) ;
#1059 = DIRECTION ( 'NONE',  ( -0.000000000000000000, 1.000000000000000000, -0.000000000000000000 ) ) ;
#1060 = DIRECTION ( 'NONE',  ( -0.000000000000000000, 1.000000000000000000, -0.000000000000000000 ) ) ;
#1061 = ORIENTED_EDGE ( 'NONE', *, *, #571, .T. ) ;
#1062 = LINE ( 'NONE', #355, #1663 ) ;
#1063 = VERTEX_POINT ( 'NONE', #1116 ) ;
#1064 = DIRECTION ( 'NONE',  ( 0.000000000000000000, 0.000000000000000000, 1.000000000000000000 ) ) ;
#1065 = DIRECTION ( 'NONE',  ( 5.938450665555907881E-16, 0.000000000000000000, -1.000000000000000000 ) ) ;
#1066 = CARTESIAN_POINT ( 'NONE',  ( -80.00000000000001421, 0.000000000000000000, 30.00000000000000711 ) ) ;
#1067 = VECTOR ( 'NONE', #254, 1000.000000000000000 ) ;
#1068 = CARTESIAN_POINT ( 'NONE',  ( -6.000000000000015987, 40.00000000000000000, -29.99999999999999645 ) ) ;
#1069 = VECTOR ( 'NONE', #1594, 1000.000000000000000 ) ;
#1070 = VERTEX_POINT ( 'NONE', #963 ) ;
#1071 = LINE ( 'NONE', #230, #1014 ) ;
#1072 = ORIENTED_EDGE ( 'NONE', *, *, #582, .F. ) ;
#1073 = CARTESIAN_POINT ( 'NONE',  ( 68.87682726358336538, 50.00000000000000000, 12.82229780704935429 ) ) ;
#1074 = CARTESIAN_POINT ( 'NONE',  ( -87.00000000000002842, 40.00000000000000000, -39.99999999999997868 ) ) ;
#1075 = DIRECTION ( 'NONE',  ( 1.000000000000000000, 0.000000000000000000, 0.000000000000000000 ) ) ;
#1076 = EDGE_CURVE ( 'NONE', #446, #111, #1216, .T. ) ;
#1077 = DIRECTION ( 'NONE',  ( 0.000000000000000000, 0.000000000000000000, -1.000000000000000000 ) ) ;
#1078 = ORIENTED_EDGE ( 'NONE', *, *, #391, .T. ) ;
#1079 = CARTESIAN_POINT ( 'NONE',  ( 68.87682726358337959, 0.000000000000000000, 19.55329780704928666 ) ) ;
#1080 = AXIS2_PLACEMENT_3D ( 'NONE', #68, #1059, #341 ) ;
#1081 = ORIENTED_EDGE ( 'NONE', *, *, #886, .F. ) ;
#1082 = DIRECTION ( 'NONE',  ( -0.000000000000000000, -1.000000000000000000, -0.000000000000000000 ) ) ;
#1083 = APPLICATION_PROTOCOL_DEFINITION ( 'draft international standard', 'automotive_design', 1998, #1350 ) ;
#1084 = CARTESIAN_POINT ( 'NONE',  ( -70.00000000000000000, 50.00000000000000000, -0.9999999999999917843 ) ) ;
#1085 = VECTOR ( 'NONE', #898, 1000.000000000000000 ) ;
#1086 = EDGE_CURVE ( 'NONE', #261, #1477, #1684, .T. ) ;
#1087 = CARTESIAN_POINT ( 'NONE',  ( -70.00000000000000000, 40.00000000000000000, -0.9999999999999917843 ) ) ;
#1088 = ORIENTED_EDGE ( 'NONE', *, *, #1721, .T. ) ;
#1089 = CARTESIAN_POINT ( 'NONE',  ( -87.00000000000002842, 50.00000000000000000, 2.000000000000008438 ) ) ;
#1090 = ORIENTED_EDGE ( 'NONE', *, *, #1290, .T. ) ;
#1091 = CARTESIAN_POINT ( 'NONE',  ( -3.000000000000012879, 40.00000000000000000, -0.9999999999999908962 ) ) ;
#1092 = DIRECTION ( 'NONE',  ( -0.000000000000000000, 1.000000000000000000, -0.000000000000000000 ) ) ;
#1093 = CARTESIAN_POINT ( 'NONE',  ( -48.00000000000000711, 50.00000000000000000, 2.000000000000007105 ) ) ;
#1094 = CARTESIAN_POINT ( 'NONE',  ( 49.82682726358336822, 50.00000000000000000, 12.82229780704935429 ) ) ;
#1095 = CARTESIAN_POINT ( 'NONE',  ( -57.00000000000000000, 50.00000000000000000, 2.000000000000008438 ) ) ;
#1096 = CIRCLE ( 'NONE', #924, 2.999999999999995559 ) ;
#1097 = ORIENTED_EDGE ( 'NONE', *, *, #641, .F. ) ;
#1098 = CARTESIAN_POINT ( 'NONE',  ( -6.000000000000015987, 40.00000000000000000, -29.99999999999999645 ) ) ;
#1099 = EDGE_CURVE ( 'NONE', #605, #1225, #1541, .T. ) ;
#1100 = AXIS2_PLACEMENT_3D ( 'NONE', #1161, #1596, #868 ) ;
#1101 = VERTEX_POINT ( 'NONE', #269 ) ;
#1102 = EDGE_LOOP ( 'NONE', ( #205, #1072, #334, #1000 ) ) ;
#1103 = CARTESIAN_POINT ( 'NONE',  ( -60.00000000000000000, 40.00000000000000000, -4.999999999999991118 ) ) ;
#1104 = LINE ( 'NONE', #1672, #530 ) ;
#1105 = FACE_OUTER_BOUND ( 'NONE', #901, .T. ) ;
#1106 = ORIENTED_EDGE ( 'NONE', *, *, #1034, .T. ) ;
#1107 = CARTESIAN_POINT ( 'NONE',  ( 75.00000000000001421, 15.00000000000000000, -10.75000000000000178 ) ) ;
#1108 = EDGE_CURVE ( 'NONE', #804, #1636, #1125, .T. ) ;
#1109 = ORIENTED_EDGE ( 'NONE', *, *, #812, .F. ) ;
#1110 = VECTOR ( 'NONE', #506, 1000.000000000000000 ) ;
#1111 = EDGE_CURVE ( 'NONE', #337, #1469, #993, .T. ) ;
#1112 = LINE ( 'NONE', #1270, #801 ) ;
#1113 = AXIS2_PLACEMENT_3D ( 'NONE', #450, #722, #11 ) ;
#1114 = FACE_OUTER_BOUND ( 'NONE', #1102, .T. ) ;
#1115 = ORIENTED_EDGE ( 'NONE', *, *, #710, .T. ) ;
#1116 = CARTESIAN_POINT ( 'NONE',  ( -80.00000000000001421, 0.000000000000000000, 34.49999999999999289 ) ) ;
#1117 = EDGE_CURVE ( 'NONE', #1264, #1834, #1248, .T. ) ;
#1118 = VERTEX_POINT ( 'NONE', #1397 ) ;
#1119 = ORIENTED_EDGE ( 'NONE', *, *, #347, .F. ) ;
#1120 = EDGE_CURVE ( 'NONE', #1442, #1816, #120, .T. ) ;
#1121 = CARTESIAN_POINT ( 'NONE',  ( 80.00000000000001421, 50.00000000000000000, -29.99999999999999645 ) ) ;
#1122 = DIRECTION ( 'NONE',  ( -0.000000000000000000, 1.000000000000000000, -0.000000000000000000 ) ) ;
#1123 = ORIENTED_EDGE ( 'NONE', *, *, #163, .F. ) ;
#1124 = AXIS2_PLACEMENT_3D ( 'NONE', #884, #1031, #1846 ) ;
#1125 = LINE ( 'NONE', #1107, #1127 ) ;
#1126 = VECTOR ( 'NONE', #1006, 1000.000000000000000 ) ;
#1127 = VECTOR ( 'NONE', #1695, 1000.000000000000000 ) ;
#1128 = ORIENTED_EDGE ( 'NONE', *, *, #758, .F. ) ;
#1129 = VERTEX_POINT ( 'NONE', #574 ) ;
#1130 = CARTESIAN_POINT ( 'NONE',  ( -35.00000000000000000, 0.000000000000000000, 30.00000000000001066 ) ) ;
#1131 = ADVANCED_FACE ( 'NONE', ( #13 ), #1720, .F. ) ;
#1132 = CARTESIAN_POINT ( 'NONE',  ( 68.87682726358337959, 0.000000000000000000, 16.18779780704932136 ) ) ;
#1133 = ORIENTED_EDGE ( 'NONE', *, *, #240, .F. ) ;
#1134 = CARTESIAN_POINT ( 'NONE',  ( -35.00000000000000000, 40.00000000000000000, 9.000000000000007105 ) ) ;
#1135 = EDGE_LOOP ( 'NONE', ( #853, #1250, #1005, #1369 ) ) ;
#1136 = VERTEX_POINT ( 'NONE', #173 ) ;
#1137 = AXIS2_PLACEMENT_3D ( 'NONE', #1802, #339, #1508 ) ;
#1138 = CARTESIAN_POINT ( 'NONE',  ( -87.00000000000002842, 40.00000000000000000, 2.000000000000008438 ) ) ;
#1139 = CYLINDRICAL_SURFACE ( 'NONE', #1232, 5.499999999999987566 ) ;
#1140 = EDGE_CURVE ( 'NONE', #453, #1808, #1843, .T. ) ;
#1141 = ORIENTED_EDGE ( 'NONE', *, *, #267, .F. ) ;
#1142 = DIRECTION ( 'NONE',  ( -1.734723475976807094E-15, 0.000000000000000000, 1.000000000000000000 ) ) ;
#1143 = CIRCLE ( 'NONE', #343, 5.499999999999987566 ) ;
#1144 = CARTESIAN_POINT ( 'NONE',  ( -48.00000000000000711, 40.00000000000000000, 2.000000000000007105 ) ) ;
#1145 = ORIENTED_EDGE ( 'NONE', *, *, #1766, .F. ) ;
#1146 = ORIENTED_EDGE ( 'NONE', *, *, #129, .T. ) ;
#1147 = DIRECTION ( 'NONE',  ( 0.000000000000000000, 0.000000000000000000, 1.000000000000000000 ) ) ;
#1148 = DIRECTION ( 'NONE',  ( 0.000000000000000000, 1.000000000000000000, 0.000000000000000000 ) ) ;
#1149 = FACE_OUTER_BOUND ( 'NONE', #849, .T. ) ;
#1150 = DIRECTION ( 'NONE',  ( -0.000000000000000000, 1.000000000000000000, -0.000000000000000000 ) ) ;
#1151 = VECTOR ( 'NONE', #1231, 1000.000000000000000 ) ;
#1152 = ADVANCED_FACE ( 'NONE', ( #1320 ), #1574, .T. ) ;
#1153 = DIRECTION ( 'NONE',  ( 0.000000000000000000, 1.000000000000000000, 0.000000000000000000 ) ) ;
#1154 = VERTEX_POINT ( 'NONE', #1557 ) ;
#1155 = ORIENTED_EDGE ( 'NONE', *, *, #606, .T. ) ;
#1156 = AXIS2_PLACEMENT_3D ( 'NONE', #1257, #1842, #1675 ) ;
#1157 = CARTESIAN_POINT ( 'NONE',  ( -6.000000000000015987, 40.00000000000000000, -32.99999999999998579 ) ) ;
#1158 = CARTESIAN_POINT ( 'NONE',  ( -73.00000000000001421, 40.00000000000000000, 2.000000000000010214 ) ) ;
#1159 = FACE_OUTER_BOUND ( 'NONE', #237, .T. ) ;
#1160 = LINE ( 'NONE', #2, #1786 ) ;
#1161 = CARTESIAN_POINT ( 'NONE',  ( -32.00000000000000000, 50.00000000000000000, 5.000000000000007994 ) ) ;
#1162 = EDGE_CURVE ( 'NONE', #1765, #844, #45, .T. ) ;
#1163 = ORIENTED_EDGE ( 'NONE', *, *, #1505, .F. ) ;
#1164 = CARTESIAN_POINT ( 'NONE',  ( -80.00000000000001421, 44.70000000000000284, 20.99450000000000571 ) ) ;
#1165 = EDGE_CURVE ( 'NONE', #869, #16, #746, .T. ) ;
#1166 = DIRECTION ( 'NONE',  ( -0.000000000000000000, 1.000000000000000000, -0.000000000000000000 ) ) ;
#1167 = CARTESIAN_POINT ( 'NONE',  ( 100.0000000000000000, 15.00000000000000000, -15.00000000000000000 ) ) ;
#1168 = CARTESIAN_POINT ( 'NONE',  ( -99.99999999999998579, 50.00000000000000000, 50.00000000000000711 ) ) ;
#1169 = ORIENTED_EDGE ( 'NONE', *, *, #253, .F. ) ;
#1170 = SURFACE_STYLE_FILL_AREA ( #1747 ) ;
#1171 = AXIS2_PLACEMENT_3D ( 'NONE', #1068, #1763, #210 ) ;
#1172 = ORIENTED_EDGE ( 'NONE', *, *, #585, .F. ) ;
#1173 = EDGE_CURVE ( 'NONE', #1808, #729, #1737, .T. ) ;
#1174 = CARTESIAN_POINT ( 'NONE',  ( -6.000000000000015987, 50.00000000000000000, -29.99999999999999645 ) ) ;
#1175 = DIRECTION ( 'NONE',  ( 0.000000000000000000, 0.000000000000000000, 1.000000000000000000 ) ) ;
#1176 = CARTESIAN_POINT ( 'NONE',  ( -32.00000000000000000, 40.00000000000000000, 2.000000000000007994 ) ) ;
#1177 = ADVANCED_FACE ( 'NONE', ( #1729 ), #1586, .F. ) ;
#1178 = FACE_OUTER_BOUND ( 'NONE', #157, .T. ) ;
#1179 = CARTESIAN_POINT ( 'NONE',  ( -100.0000000000000000, 50.00000000000000000, -49.99999999999999289 ) ) ;
#1180 = EDGE_LOOP ( 'NONE', ( #578, #329, #586 ) ) ;
#1181 = FACE_BOUND ( 'NONE', #1403, .T. ) ;
#1182 = EDGE_LOOP ( 'NONE', ( #1358, #677, #126, #1277 ) ) ;
#1183 = LINE ( 'NONE', #1030, #1676 ) ;
#1184 = DIRECTION ( 'NONE',  ( -0.000000000000000000, 1.000000000000000000, -0.000000000000000000 ) ) ;
#1185 = CARTESIAN_POINT ( 'NONE',  ( -3.000000000000016431, 50.00000000000000000, -29.99999999999999645 ) ) ;
#1186 = CIRCLE ( 'NONE', #1366, 4.999999999999997335 ) ;
#1187 = EDGE_CURVE ( 'NONE', #213, #1835, #302, .T. ) ;
#1188 = VECTOR ( 'NONE', #815, 1000.000000000000000 ) ;
#1189 = CARTESIAN_POINT ( 'NONE',  ( 80.00000000000001421, 50.00000000000000000, -29.99999999999999645 ) ) ;
#1190 = CARTESIAN_POINT ( 'NONE',  ( -57.00000000000000000, 40.00000000000000000, 2.000000000000008438 ) ) ;
#1191 = ORIENTED_EDGE ( 'NONE', *, *, #517, .F. ) ;
#1192 = FACE_OUTER_BOUND ( 'NONE', #1217, .T. ) ;
#1193 = PLANE ( 'NONE',  #103 ) ;
#1194 = LINE ( 'NONE', #484, #1151 ) ;
#1195 = CARTESIAN_POINT ( 'NONE',  ( -32.00000000000000000, 40.00000000000000000, 2.000000000000007994 ) ) ;
#1196 = VECTOR ( 'NONE', #1343, 1000.000000000000000 ) ;
#1197 = EDGE_LOOP ( 'NONE', ( #299, #289, #1506, #662 ) ) ;
#1198 = CARTESIAN_POINT ( 'NONE',  ( -3.000000000000012879, 40.00000000000000000, -0.9999999999999908962 ) ) ;
#1199 = ORIENTED_EDGE ( 'NONE', *, *, #1655, .T. ) ;
#1200 = CIRCLE ( 'NONE', #1585, 5.499999999999987566 ) ;
#1201 = AXIS2_PLACEMENT_3D ( 'NONE', #896, #564, #1839 ) ;
#1202 = CARTESIAN_POINT ( 'NONE',  ( -40.00000000000000711, 40.00000000000000000, 14.00000000000000533 ) ) ;
#1203 = CARTESIAN_POINT ( 'NONE',  ( 100.0000000000000000, 50.00000000000000000, -49.99999999999999289 ) ) ;
#1204 = CARTESIAN_POINT ( 'NONE',  ( -90.00000000000000000, 40.00000000000000000, -36.99999999999999289 ) ) ;
#1205 = CARTESIAN_POINT ( 'NONE',  ( 49.82682726358336822, 50.00000000000000000, 16.18779780704932136 ) ) ;
#1206 = ORIENTED_EDGE ( 'NONE', *, *, #71, .F. ) ;
#1207 = LINE ( 'NONE', #1616, #1510 ) ;
#1208 = EDGE_CURVE ( 'NONE', #605, #1765, #623, .T. ) ;
#1209 = EDGE_LOOP ( 'NONE', ( #877, #1045, #498, #194 ) ) ;
#1210 = CARTESIAN_POINT ( 'NONE',  ( -50.62398839969287678, 40.00000000000000000, -39.93444280220141707 ) ) ;
#1211 = CYLINDRICAL_SURFACE ( 'NONE', #761, 5.000000000000004441 ) ;
#1212 = DIRECTION ( 'NONE',  ( -0.000000000000000000, 1.000000000000000000, -0.000000000000000000 ) ) ;
#1213 = AXIS2_PLACEMENT_3D ( 'NONE', #1427, #1308, #1279 ) ;
#1214 = CIRCLE ( 'NONE', #927, 9.005499999999999616 ) ;
#1215 = CYLINDRICAL_SURFACE ( 'NONE', #792, 3.000000000000000888 ) ;
#1216 = CIRCLE ( 'NONE', #1455, 4.500000000000003553 ) ;
#1217 = EDGE_LOOP ( 'NONE', ( #682, #1172, #703, #1533 ) ) ;
#1218 = CARTESIAN_POINT ( 'NONE',  ( 9.999999999999996447, 50.00000000000000000, 20.00000000000000711 ) ) ;
#1219 = ORIENTED_EDGE ( 'NONE', *, *, #229, .F. ) ;
#1220 = EDGE_CURVE ( 'NONE', #400, #1687, #716, .T. ) ;
#1221 = DIRECTION ( 'NONE',  ( -0.000000000000000000, 1.000000000000000000, -0.000000000000000000 ) ) ;
#1222 =( NAMED_UNIT ( * ) PLANE_ANGLE_UNIT ( ) SI_UNIT ( $, .RADIAN. ) );
#1223 = LINE ( 'NONE', #1792, #1227 ) ;
#1224 = FACE_OUTER_BOUND ( 'NONE', #1135, .T. ) ;
#1225 = VERTEX_POINT ( 'NONE', #1282 ) ;
#1226 = CARTESIAN_POINT ( 'NONE',  ( -90.00000000000000000, 40.00000000000000000, -36.99999999999999289 ) ) ;
#1227 = VECTOR ( 'NONE', #1049, 1000.000000000000000 ) ;
#1228 = ORIENTED_EDGE ( 'NONE', *, *, #774, .T. ) ;
#1229 = CARTESIAN_POINT ( 'NONE',  ( -57.00000000000000000, 40.00000000000000000, 2.000000000000008438 ) ) ;
#1230 = AXIS2_PLACEMENT_3D ( 'NONE', #134, #1122, #821 ) ;
#1231 = DIRECTION ( 'NONE',  ( -1.000000000000000000, -0.000000000000000000, -0.000000000000000000 ) ) ;
#1232 = AXIS2_PLACEMENT_3D ( 'NONE', #865, #1299, #19 ) ;
#1233 = CARTESIAN_POINT ( 'NONE',  ( -60.00000000000000000, 40.00000000000000000, -4.999999999999991118 ) ) ;
#1234 = EDGE_CURVE ( 'NONE', #438, #400, #1542, .T. ) ;
#1235 = DIRECTION ( 'NONE',  ( -0.000000000000000000, -0.000000000000000000, -1.000000000000000000 ) ) ;
#1236 = ORIENTED_EDGE ( 'NONE', *, *, #415, .F. ) ;
#1237 = FACE_OUTER_BOUND ( 'NONE', #138, .T. ) ;
#1238 = ORIENTED_EDGE ( 'NONE', *, *, #517, .T. ) ;
#1239 = ORIENTED_EDGE ( 'NONE', *, *, #1053, .T. ) ;
#1240 = DIRECTION ( 'NONE',  ( 0.000000000000000000, 0.000000000000000000, 1.000000000000000000 ) ) ;
#1241 = FACE_OUTER_BOUND ( 'NONE', #1701, .T. ) ;
#1242 = CIRCLE ( 'NONE', #723, 9.999999999999998224 ) ;
#1243 = VECTOR ( 'NONE', #1298, 1000.000000000000000 ) ;
#1244 = CARTESIAN_POINT ( 'NONE',  ( 80.00000000000001421, 50.00000000000000000, -20.99449999999999505 ) ) ;
#1245 = DIRECTION ( 'NONE',  ( 1.000000000000000000, 0.000000000000000000, 3.097720492815724577E-17 ) ) ;
#1246 = EDGE_CURVE ( 'NONE', #445, #143, #1160, .T. ) ;
#1247 = ORIENTED_EDGE ( 'NONE', *, *, #1086, .F. ) ;
#1248 = LINE ( 'NONE', #1817, #955 ) ;
#1249 = AXIS2_PLACEMENT_3D ( 'NONE', #336, #177, #316 ) ;
#1250 = ORIENTED_EDGE ( 'NONE', *, *, #782, .F. ) ;
#1251 = EDGE_LOOP ( 'NONE', ( #392, #502, #1444, #1668 ) ) ;
#1252 = CARTESIAN_POINT ( 'NONE',  ( 0.000000000000000000, 0.000000000000000000, 0.000000000000000000 ) ) ;
#1253 = CARTESIAN_POINT ( 'NONE',  ( -60.00000000000000711, 40.00000000000000000, -0.9999999999999924505 ) ) ;
#1254 = FACE_OUTER_BOUND ( 'NONE', #56, .T. ) ;
#1255 = EDGE_LOOP ( 'NONE', ( #1219, #15, #633, #275 ) ) ;
#1256 = EDGE_CURVE ( 'NONE', #1738, #75, #985, .T. ) ;
#1257 = CARTESIAN_POINT ( 'NONE',  ( -40.00000000000000711, 40.00000000000000000, 9.000000000000007105 ) ) ;
#1258 = ADVANCED_FACE ( 'NONE', ( #1711 ), #89, .F. ) ;
#1259 = ORIENTED_EDGE ( 'NONE', *, *, #606, .F. ) ;
#1260 = ORIENTED_EDGE ( 'NONE', *, *, #369, .F. ) ;
#1261 = LINE ( 'NONE', #1394, #259 ) ;
#1262 = AXIS2_PLACEMENT_3D ( 'NONE', #399, #108, #681 ) ;
#1263 = LINE ( 'NONE', #1520, #1827 ) ;
#1264 = VERTEX_POINT ( 'NONE', #295 ) ;
#1265 = CARTESIAN_POINT ( 'NONE',  ( 9.999999999999994671, 50.00000000000000000, 24.50000000000001776 ) ) ;
#1266 = EDGE_CURVE ( 'NONE', #1765, #550, #876, .T. ) ;
#1267 = EDGE_LOOP ( 'NONE', ( #975, #1109, #139, #211 ) ) ;
#1268 = EDGE_CURVE ( 'NONE', #16, #891, #736, .T. ) ;
#1269 = ORIENTED_EDGE ( 'NONE', *, *, #701, .T. ) ;
#1270 = CARTESIAN_POINT ( 'NONE',  ( 100.0000000000000000, 50.00000000000000000, 50.00000000000000711 ) ) ;
#1271 = FACE_BOUND ( 'NONE', #1284, .T. ) ;
#1272 = ORIENTED_EDGE ( 'NONE', *, *, #784, .F. ) ;
#1273 = AXIS2_PLACEMENT_3D ( 'NONE', #1335, #59, #628 ) ;
#1274 = DIRECTION ( 'NONE',  ( -0.000000000000000000, 1.000000000000000000, -0.000000000000000000 ) ) ;
#1275 = AXIS2_PLACEMENT_3D ( 'NONE', #1318, #1148, #1743 ) ;
#1276 = AXIS2_PLACEMENT_3D ( 'NONE', #983, #101, #1807 ) ;
#1277 = ORIENTED_EDGE ( 'NONE', *, *, #1567, .T. ) ;
#1278 = ORIENTED_EDGE ( 'NONE', *, *, #1633, .F. ) ;
#1279 = DIRECTION ( 'NONE',  ( 0.000000000000000000, 0.000000000000000000, 1.000000000000000000 ) ) ;
#1280 = CARTESIAN_POINT ( 'NONE',  ( -87.00000000000002842, 40.00000000000000000, 2.000000000000008438 ) ) ;
#1281 = ORIENTED_EDGE ( 'NONE', *, *, #797, .T. ) ;
#1282 = CARTESIAN_POINT ( 'NONE',  ( 49.82682726358336822, 50.00000000000000000, 19.55329780704928666 ) ) ;
#1283 = CARTESIAN_POINT ( 'NONE',  ( 80.00000000000001421, 50.00000000000000000, -25.50000000000000000 ) ) ;
#1284 = EDGE_LOOP ( 'NONE', ( #1454, #1389, #625, #421 ) ) ;
#1285 = ORIENTED_EDGE ( 'NONE', *, *, #725, .T. ) ;
#1286 = CONICAL_SURFACE ( 'NONE', #603, 9.999999999999998224, 0.7853981633974496113 ) ;
#1287 = DIRECTION ( 'NONE',  ( 0.000000000000000000, 1.000000000000000000, 0.000000000000000000 ) ) ;
#1288 = CARTESIAN_POINT ( 'NONE',  ( -6.000000000000012434, 40.00000000000000000, 2.000000000000008882 ) ) ;
#1289 = CARTESIAN_POINT ( 'NONE',  ( 68.87682726358337959, 50.00000000000000000, 16.18779780704932136 ) ) ;
#1290 = EDGE_CURVE ( 'NONE', #1636, #1129, #323, .T. ) ;
#1291 = ORIENTED_EDGE ( 'NONE', *, *, #701, .F. ) ;
#1292 = DIRECTION ( 'NONE',  ( 1.000000000000000000, 0.000000000000000000, 0.000000000000000000 ) ) ;
#1293 = VECTOR ( 'NONE', #1007, 1000.000000000000000 ) ;
#1294 = DIRECTION ( 'NONE',  ( 0.5150380749100558209, 0.000000000000000000, -0.8571673007021113344 ) ) ;
#1295 = ORIENTED_EDGE ( 'NONE', *, *, #935, .F. ) ;
#1296 = ORIENTED_EDGE ( 'NONE', *, *, #735, .T. ) ;
#1297 = DIRECTION ( 'NONE',  ( 0.000000000000000000, -0.000000000000000000, -1.000000000000000000 ) ) ;
#1298 = DIRECTION ( 'NONE',  ( 1.000000000000000000, 0.000000000000000000, 3.336006684570784581E-17 ) ) ;
#1299 = DIRECTION ( 'NONE',  ( -0.000000000000000000, 1.000000000000000000, -0.000000000000000000 ) ) ;
#1300 = CARTESIAN_POINT ( 'NONE',  ( -45.00000000000000711, 50.00000000000000000, 5.000000000000007994 ) ) ;
#1301 = ADVANCED_FACE ( 'NONE', ( #183 ), #1485, .F. ) ;
#1302 = CIRCLE ( 'NONE', #556, 3.000000000000001332 ) ;
#1303 = EDGE_CURVE ( 'NONE', #1101, #143, #1764, .T. ) ;
#1304 = CIRCLE ( 'NONE', #1598, 9.005499999999999616 ) ;
#1305 = VERTEX_POINT ( 'NONE', #1337 ) ;
#1306 = VECTOR ( 'NONE', #833, 1000.000000000000000 ) ;
#1307 = DIRECTION ( 'NONE',  ( 0.000000000000000000, 0.000000000000000000, 1.000000000000000000 ) ) ;
#1308 = DIRECTION ( 'NONE',  ( -0.000000000000000000, 1.000000000000000000, -0.000000000000000000 ) ) ;
#1309 = DIRECTION ( 'NONE',  ( 0.000000000000000000, 1.000000000000000000, 0.000000000000000000 ) ) ;
#1310 = DIRECTION ( 'NONE',  ( 0.000000000000000000, -1.000000000000000000, 0.000000000000000000 ) ) ;
#1311 = ADVANCED_FACE ( 'NONE', ( #1329 ), #1613, .F. ) ;
#1312 = ORIENTED_EDGE ( 'NONE', *, *, #507, .F. ) ;
#1313 =( NAMED_UNIT ( * ) SI_UNIT ( $, .STERADIAN. ) SOLID_ANGLE_UNIT ( ) );
#1314 = ADVANCED_FACE ( 'NONE', ( #51 ), #1467, .F. ) ;
#1315 = VERTEX_POINT ( 'NONE', #926 ) ;
#1316 = CARTESIAN_POINT ( 'NONE',  ( -99.99999999999998579, 50.00000000000000000, 50.00000000000000711 ) ) ;
#1317 = CARTESIAN_POINT ( 'NONE',  ( -6.000000000000012434, 50.00000000000000000, 2.000000000000008882 ) ) ;
#1318 = CARTESIAN_POINT ( 'NONE',  ( -51.24772347214615564, 50.00000000000000000, -36.99999999999999289 ) ) ;
#1319 = DIRECTION ( 'NONE',  ( -0.000000000000000000, 1.000000000000000000, -0.000000000000000000 ) ) ;
#1320 = FACE_OUTER_BOUND ( 'NONE', #1255, .T. ) ;
#1321 = AXIS2_PLACEMENT_3D ( 'NONE', #629, #1754, #362 ) ;
#1322 = DIRECTION ( 'NONE',  ( -0.000000000000000000, 1.000000000000000000, -0.000000000000000000 ) ) ;
#1323 = CIRCLE ( 'NONE', #897, 3.365499999999965741 ) ;
#1324 = ORIENTED_EDGE ( 'NONE', *, *, #991, .T. ) ;
#1325 = ADVANCED_FACE ( 'NONE', ( #476 ), #607, .F. ) ;
#1326 = CARTESIAN_POINT ( 'NONE',  ( 9.999999999999994671, 0.000000000000000000, 24.50000000000002132 ) ) ;
#1327 = DIRECTION ( 'NONE',  ( 0.000000000000000000, 0.000000000000000000, -1.000000000000000000 ) ) ;
#1328 = DIRECTION ( 'NONE',  ( 0.000000000000000000, 1.000000000000000000, 0.000000000000000000 ) ) ;
#1329 = FACE_OUTER_BOUND ( 'NONE', #221, .T. ) ;
#1330 = DIRECTION ( 'NONE',  ( 1.000000000000000000, 0.000000000000000000, 3.097720492815724577E-17 ) ) ;
#1331 = VECTOR ( 'NONE', #387, 1000.000000000000000 ) ;
#1332 = ORIENTED_EDGE ( 'NONE', *, *, #1547, .F. ) ;
#1333 = LINE ( 'NONE', #1202, #572 ) ;
#1334 = DIRECTION ( 'NONE',  ( -0.000000000000000000, 1.000000000000000000, -0.000000000000000000 ) ) ;
#1335 = CARTESIAN_POINT ( 'NONE',  ( -51.24772347214615564, 40.00000000000000000, -36.99999999999999289 ) ) ;
#1336 = MECHANICAL_DESIGN_GEOMETRIC_PRESENTATION_REPRESENTATION (  '', ( #441 ), #262 ) ;
#1337 = CARTESIAN_POINT ( 'NONE',  ( 9.999999999999994671, 45.50000000000000711, 24.50000000000001776 ) ) ;
#1338 = ORIENTED_EDGE ( 'NONE', *, *, #871, .T. ) ;
#1339 = CARTESIAN_POINT ( 'NONE',  ( -80.00000000000001421, 50.00000000000000000, 30.00000000000000711 ) ) ;
#1340 = EDGE_LOOP ( 'NONE', ( #854, #1710, #179, #966 ) ) ;
#1341 = PLANE ( 'NONE',  #996 ) ;
#1342 = CARTESIAN_POINT ( 'NONE',  ( -45.00000000000000711, 50.00000000000000000, 5.000000000000007994 ) ) ;
#1343 = DIRECTION ( 'NONE',  ( -0.000000000000000000, 1.000000000000000000, -0.000000000000000000 ) ) ;
#1344 = CARTESIAN_POINT ( 'NONE',  ( 75.00000000000001421, 15.00000000000000000, -15.00000000000000000 ) ) ;
#1345 = EDGE_CURVE ( 'NONE', #1835, #1552, #1553, .T. ) ;
#1346 = CIRCLE ( 'NONE', #1137, 2.999999999999994227 ) ;
#1347 = ADVANCED_FACE ( 'NONE', ( #620 ), #905, .F. ) ;
#1348 = ORIENTED_EDGE ( 'NONE', *, *, #263, .F. ) ;
#1349 = PLANE ( 'NONE',  #954 ) ;
#1350 = APPLICATION_CONTEXT ( 'automotive_design' ) ;
#1351 = ORIENTED_EDGE ( 'NONE', *, *, #240, .T. ) ;
#1352 = AXIS2_PLACEMENT_3D ( 'NONE', #1289, #301, #1718 ) ;
#1353 = PRODUCT_DEFINITION_CONTEXT ( 'detailed design', #1350, 'design' ) ;
#1354 = DIRECTION ( 'NONE',  ( 0.000000000000000000, 0.000000000000000000, 1.000000000000000000 ) ) ;
#1355 = CARTESIAN_POINT ( 'NONE',  ( -87.00000000000002842, 50.00000000000000000, -39.99999999999999289 ) ) ;
#1356 = CARTESIAN_POINT ( 'NONE',  ( 9.999999999999994671, 45.50000000000000711, 30.00000000000001066 ) ) ;
#1357 = DIRECTION ( 'NONE',  ( 0.000000000000000000, 0.000000000000000000, 1.000000000000000000 ) ) ;
#1358 = ORIENTED_EDGE ( 'NONE', *, *, #1618, .T. ) ;
#1359 = ADVANCED_FACE ( 'NONE', ( #469 ), #783, .F. ) ;
#1360 = DIRECTION ( 'NONE',  ( 1.000000000000000000, 0.000000000000000000, 0.000000000000000000 ) ) ;
#1361 = VERTEX_POINT ( 'NONE', #1476 ) ;
#1362 = ADVANCED_FACE ( 'NONE', ( #1224 ), #79, .F. ) ;
#1363 = CARTESIAN_POINT ( 'NONE',  ( -60.00000000000000000, 50.00000000000000000, -4.999999999999991118 ) ) ;
#1364 = CARTESIAN_POINT ( 'NONE',  ( 80.00000000000001421, 0.000000000000000000, -34.49999999999998579 ) ) ;
#1365 = CIRCLE ( 'NONE', #1273, 3.000000000000002665 ) ;
#1366 = AXIS2_PLACEMENT_3D ( 'NONE', #1727, #181, #753 ) ;
#1367 = CARTESIAN_POINT ( 'NONE',  ( -17.68468729420298757, 40.00000000000000000, -32.99999999999999289 ) ) ;
#1368 = VECTOR ( 'NONE', #1274, 1000.000000000000000 ) ;
#1369 = ORIENTED_EDGE ( 'NONE', *, *, #1818, .T. ) ;
#1370 = FACE_OUTER_BOUND ( 'NONE', #1251, .T. ) ;
#1371 = ORIENTED_EDGE ( 'NONE', *, *, #1406, .F. ) ;
#1372 = EDGE_CURVE ( 'NONE', #1636, #132, #278, .T. ) ;
#1373 = DIRECTION ( 'NONE',  ( -0.9781476007338055778, 0.000000000000000000, -0.2079116908177597034 ) ) ;
#1374 = DIRECTION ( 'NONE',  ( 0.000000000000000000, -0.000000000000000000, -1.000000000000000000 ) ) ;
#1375 = DIRECTION ( 'NONE',  ( -0.000000000000000000, 1.000000000000000000, -0.000000000000000000 ) ) ;
#1376 = ORIENTED_EDGE ( 'NONE', *, *, #1173, .T. ) ;
#1377 = DIRECTION ( 'NONE',  ( 1.000000000000000000, 0.000000000000000000, 0.000000000000000000 ) ) ;
#1378 = AXIS2_PLACEMENT_3D ( 'NONE', #1791, #1629, #66 ) ;
#1379 = EDGE_LOOP ( 'NONE', ( #1758, #37, #598, #315 ) ) ;
#1380 = VERTEX_POINT ( 'NONE', #1604 ) ;
#1381 = VECTOR ( 'NONE', #602, 1000.000000000000000 ) ;
#1382 = CARTESIAN_POINT ( 'NONE',  ( -57.00000000000000000, 40.00000000000000000, -0.9999999999999917843 ) ) ;
#1383 = ADVANCED_FACE ( 'NONE', ( #202 ), #1215, .T. ) ;
#1384 = VECTOR ( 'NONE', #474, 1000.000000000000000 ) ;
#1385 = DIRECTION ( 'NONE',  ( 0.000000000000000000, -1.000000000000000000, 0.000000000000000000 ) ) ;
#1386 = CYLINDRICAL_SURFACE ( 'NONE', #1262, 3.000000000000000888 ) ;
#1387 = ORIENTED_EDGE ( 'NONE', *, *, #361, .T. ) ;
#1388 = DIRECTION ( 'NONE',  ( 0.000000000000000000, 0.000000000000000000, 1.000000000000000000 ) ) ;
#1389 = ORIENTED_EDGE ( 'NONE', *, *, #1829, .T. ) ;
#1390 = ORIENTED_EDGE ( 'NONE', *, *, #279, .T. ) ;
#1391 = CARTESIAN_POINT ( 'NONE',  ( -35.00000000000000000, 50.00000000000000000, 30.00000000000001066 ) ) ;
#1392 = CARTESIAN_POINT ( 'NONE',  ( -87.00000000000002842, 50.00000000000000000, -39.99999999999997868 ) ) ;
#1393 = CIRCLE ( 'NONE', #1777, 2.999999999999994227 ) ;
#1394 = CARTESIAN_POINT ( 'NONE',  ( -35.00000000000000000, 50.00000000000000000, 24.50000000000002132 ) ) ;
#1395 = LINE ( 'NONE', #1538, #910 ) ;
#1396 = ORIENTED_EDGE ( 'NONE', *, *, #1732, .T. ) ;
#1397 = CARTESIAN_POINT ( 'NONE',  ( -3.000000000000012879, 50.00000000000000000, -0.9999999999999908962 ) ) ;
#1398 = VECTOR ( 'NONE', #1583, 1000.000000000000000 ) ;
#1399 = ORIENTED_EDGE ( 'NONE', *, *, #1022, .T. ) ;
#1400 = ORIENTED_EDGE ( 'NONE', *, *, #1505, .T. ) ;
#1401 = DIRECTION ( 'NONE',  ( 0.000000000000000000, 0.000000000000000000, 1.000000000000000000 ) ) ;
#1402 = DIRECTION ( 'NONE',  ( -0.000000000000000000, 1.000000000000000000, -0.000000000000000000 ) ) ;
#1403 = EDGE_LOOP ( 'NONE', ( #1145, #1828 ) ) ;
#1404 = DIRECTION ( 'NONE',  ( 0.000000000000000000, 0.000000000000000000, 1.000000000000000000 ) ) ;
#1405 = ADVANCED_FACE ( 'NONE', ( #775 ), #639, .F. ) ;
#1406 = EDGE_CURVE ( 'NONE', #1225, #550, #371, .T. ) ;
#1407 = ORIENTED_EDGE ( 'NONE', *, *, #908, .T. ) ;
#1408 = ORIENTED_EDGE ( 'NONE', *, *, #347, .T. ) ;
#1409 = DIRECTION ( 'NONE',  ( -0.000000000000000000, 1.000000000000000000, -0.000000000000000000 ) ) ;
#1410 = CIRCLE ( 'NONE', #1706, 5.499999999999987566 ) ;
#1411 = LINE ( 'NONE', #527, #72 ) ;
#1412 = VERTEX_POINT ( 'NONE', #1645 ) ;
#1413 = LINE ( 'NONE', #675, #808 ) ;
#1414 = PRODUCT_RELATED_PRODUCT_CATEGORY ( 'part', '', ( #1635 ) ) ;
#1415 = EDGE_LOOP ( 'NONE', ( #1697, #825, #1332, #1480 ) ) ;
#1416 = EDGE_LOOP ( 'NONE', ( #365, #1678 ) ) ;
#1417 = FACE_OUTER_BOUND ( 'NONE', #674, .T. ) ;
#1418 = CARTESIAN_POINT ( 'NONE',  ( -80.00000000000001421, 50.00000000000000000, 39.00550000000000495 ) ) ;
#1419 = EDGE_LOOP ( 'NONE', ( #938, #1569 ) ) ;
#1420 = CARTESIAN_POINT ( 'NONE',  ( -87.00000000000002842, 40.00000000000000000, -36.99999999999999289 ) ) ;
#1421 = AXIS2_PLACEMENT_3D ( 'NONE', #346, #1504, #222 ) ;
#1422 = AXIS2_PLACEMENT_3D ( 'NONE', #1514, #1824, #1404 ) ;
#1423 = VERTEX_POINT ( 'NONE', #944 ) ;
#1424 = ORIENTED_EDGE ( 'NONE', *, *, #850, .F. ) ;
#1425 = EDGE_CURVE ( 'NONE', #1552, #1517, #227, .T. ) ;
#1426 = ORIENTED_EDGE ( 'NONE', *, *, #597, .F. ) ;
#1427 = CARTESIAN_POINT ( 'NONE',  ( -87.00000000000002842, 40.00000000000000000, -0.9999999999999917843 ) ) ;
#1428 = FACE_OUTER_BOUND ( 'NONE', #1267, .T. ) ;
#1429 = VERTEX_POINT ( 'NONE', #378 ) ;
#1430 = DIRECTION ( 'NONE',  ( 0.000000000000000000, 1.000000000000000000, 0.000000000000000000 ) ) ;
#1431 = CARTESIAN_POINT ( 'NONE',  ( -100.0000000000000000, 50.00000000000000000, -49.99999999999999289 ) ) ;
#1432 = EDGE_LOOP ( 'NONE', ( #1371, #461, #294, #1665 ) ) ;
#1433 = ORIENTED_EDGE ( 'NONE', *, *, #197, .F. ) ;
#1434 = CIRCLE ( 'NONE', #1378, 2.999999999999999112 ) ;
#1435 = ORIENTED_EDGE ( 'NONE', *, *, #1120, .T. ) ;
#1436 = CARTESIAN_POINT ( 'NONE',  ( -80.00000000000001421, 44.70000000000000284, 30.00000000000000711 ) ) ;
#1437 = EDGE_CURVE ( 'NONE', #309, #231, #1614, .T. ) ;
#1438 = DIRECTION ( 'NONE',  ( 0.000000000000000000, 0.000000000000000000, 1.000000000000000000 ) ) ;
#1439 = ADVANCED_FACE ( 'NONE', ( #1254 ), #536, .F. ) ;
#1440 = DIRECTION ( 'NONE',  ( 0.000000000000000000, 0.000000000000000000, 1.000000000000000000 ) ) ;
#1441 = CARTESIAN_POINT ( 'NONE',  ( -6.000000000000015987, 40.00000000000000000, -29.99999999999999645 ) ) ;
#1442 = VERTEX_POINT ( 'NONE', #1653 ) ;
#1443 = ORIENTED_EDGE ( 'NONE', *, *, #1484, .F. ) ;
#1444 = ORIENTED_EDGE ( 'NONE', *, *, #267, .T. ) ;
#1445 = LINE ( 'NONE', #1176, #1243 ) ;
#1446 = FACE_BOUND ( 'NONE', #1521, .T. ) ;
#1447 = ADVANCED_FACE ( 'NONE', ( #1822 ), #553, .F. ) ;
#1448 = AXIS2_PLACEMENT_3D ( 'NONE', #1391, #1092, #1240 ) ;
#1449 = DIRECTION ( 'NONE',  ( 0.000000000000000000, 0.000000000000000000, 1.000000000000000000 ) ) ;
#1450 = ADVANCED_FACE ( 'NONE', ( #1114 ), #1386, .T. ) ;
#1451 = AXIS2_PLACEMENT_3D ( 'NONE', #1518, #242, #689 ) ;
#1452 = CARTESIAN_POINT ( 'NONE',  ( -87.00000000000002842, 40.00000000000000000, -39.99999999999997868 ) ) ;
#1453 = VECTOR ( 'NONE', #917, 1000.000000000000000 ) ;
#1454 = ORIENTED_EDGE ( 'NONE', *, *, #656, .F. ) ;
#1455 = AXIS2_PLACEMENT_3D ( 'NONE', #1522, #247, #1388 ) ;
#1456 = ORIENTED_EDGE ( 'NONE', *, *, #748, .F. ) ;
#1457 = CARTESIAN_POINT ( 'NONE',  ( -73.00000000000001421, 40.00000000000000000, 2.000000000000010214 ) ) ;
#1458 = DIRECTION ( 'NONE',  ( -0.000000000000000000, 1.000000000000000000, -0.000000000000000000 ) ) ;
#1459 = DIRECTION ( 'NONE',  ( 1.000000000000000000, -0.000000000000000000, -0.000000000000000000 ) ) ;
#1460 = EDGE_CURVE ( 'NONE', #1020, #664, #1546, .T. ) ;
#1461 = CARTESIAN_POINT ( 'NONE',  ( 80.00000000000001421, 0.000000000000000000, -29.99999999999999645 ) ) ;
#1462 = ORIENTED_EDGE ( 'NONE', *, *, #391, .F. ) ;
#1463 = DIRECTION ( 'NONE',  ( 0.000000000000000000, -1.000000000000000000, 0.000000000000000000 ) ) ;
#1464 = DIRECTION ( 'NONE',  ( -0.000000000000000000, 1.000000000000000000, -0.000000000000000000 ) ) ;
#1465 = CARTESIAN_POINT ( 'NONE',  ( -51.24772347214614854, 40.00000000000000000, -39.99999999999999289 ) ) ;
#1466 = VECTOR ( 'NONE', #375, 1000.000000000000000 ) ;
#1467 = PLANE ( 'NONE',  #131 ) ;
#1468 = VECTOR ( 'NONE', #519, 1000.000000000000000 ) ;
#1469 = VERTEX_POINT ( 'NONE', #839 ) ;
#1470 =( LENGTH_UNIT ( ) NAMED_UNIT ( * ) SI_UNIT ( .MILLI., .METRE. ) );
#1471 = ADVANCED_FACE ( 'NONE', ( #1105 ), #705, .F. ) ;
#1472 = EDGE_LOOP ( 'NONE', ( #1495, #1081, #165, #1531 ) ) ;
#1473 = DIRECTION ( 'NONE',  ( 0.000000000000000000, 1.000000000000000000, 0.000000000000000000 ) ) ;
#1474 = CARTESIAN_POINT ( 'NONE',  ( -80.00000000000001421, 0.000000000000000000, 25.50000000000001421 ) ) ;
#1475 = DIRECTION ( 'NONE',  ( -0.000000000000000000, 1.000000000000000000, -0.000000000000000000 ) ) ;
#1476 = CARTESIAN_POINT ( 'NONE',  ( -35.00000000000000000, 50.00000000000000000, 9.000000000000007105 ) ) ;
#1477 = VERTEX_POINT ( 'NONE', #273 ) ;
#1478 = CYLINDRICAL_SURFACE ( 'NONE', #413, 9.005499999999999616 ) ;
#1479 = CIRCLE ( 'NONE', #171, 5.499999999999987566 ) ;
#1480 = ORIENTED_EDGE ( 'NONE', *, *, #1034, .F. ) ;
#1481 = LINE ( 'NONE', #57, #668 ) ;
#1482 = DIRECTION ( 'NONE',  ( 0.000000000000000000, 0.000000000000000000, 1.000000000000000000 ) ) ;
#1483 = DIRECTION ( 'NONE',  ( -1.196361017915039239E-16, 0.000000000000000000, -1.000000000000000000 ) ) ;
#1484 = EDGE_CURVE ( 'NONE', #622, #438, #1673, .T. ) ;
#1485 = PLANE ( 'NONE',  #43 ) ;
#1486 = ORIENTED_EDGE ( 'NONE', *, *, #209, .F. ) ;
#1487 = DIRECTION ( 'NONE',  ( -1.000000000000000000, 0.000000000000000000, 1.734723475976807094E-15 ) ) ;
#1488 = ORIENTED_EDGE ( 'NONE', *, *, #174, .T. ) ;
#1489 = DIRECTION ( 'NONE',  ( -0.000000000000000000, 1.000000000000000000, -0.000000000000000000 ) ) ;
#1490 = DIRECTION ( 'NONE',  ( 0.000000000000000000, 0.000000000000000000, 1.000000000000000000 ) ) ;
#1491 = DIRECTION ( 'NONE',  ( 0.000000000000000000, 0.000000000000000000, 1.000000000000000000 ) ) ;
#1492 = EDGE_CURVE ( 'NONE', #83, #1769, #1410, .T. ) ;
#1493 = DIRECTION ( 'NONE',  ( 0.000000000000000000, 0.000000000000000000, -1.000000000000000000 ) ) ;
#1494 = EDGE_CURVE ( 'NONE', #948, #453, #255, .T. ) ;
#1495 = ORIENTED_EDGE ( 'NONE', *, *, #137, .F. ) ;
#1496 = FACE_OUTER_BOUND ( 'NONE', #1055, .T. ) ;
#1497 = ORIENTED_EDGE ( 'NONE', *, *, #582, .T. ) ;
#1498 = CIRCLE ( 'NONE', #1113, 4.499999999999990230 ) ;
#1499 = CARTESIAN_POINT ( 'NONE',  ( 75.00000000000001421, 15.00000000000000000, -19.24999999999999645 ) ) ;
#1500 = LINE ( 'NONE', #1058, #1056 ) ;
#1501 = CARTESIAN_POINT ( 'NONE',  ( -70.00000000000000000, 40.00000000000000000, -0.9999999999999917843 ) ) ;
#1502 = DIRECTION ( 'NONE',  ( 0.000000000000000000, 0.000000000000000000, 1.000000000000000000 ) ) ;
#1503 = EDGE_LOOP ( 'NONE', ( #152, #702, #956, #156 ) ) ;
#1504 = DIRECTION ( 'NONE',  ( -0.000000000000000000, 1.000000000000000000, -0.000000000000000000 ) ) ;
#1505 = EDGE_CURVE ( 'NONE', #1429, #729, #979, .T. ) ;
#1506 = ORIENTED_EDGE ( 'NONE', *, *, #219, .F. ) ;
#1507 = PRODUCT_DEFINITION_FORMATION_WITH_SPECIFIED_SOURCE ( 'HERHANG�', '', #1635, .NOT_KNOWN. ) ;
#1508 = DIRECTION ( 'NONE',  ( 0.000000000000000000, 0.000000000000000000, 1.000000000000000000 ) ) ;
#1509 = DIRECTION ( 'NONE',  ( 0.000000000000000000, 0.000000000000000000, 1.000000000000000000 ) ) ;
#1510 = VECTOR ( 'NONE', #953, 1000.000000000000000 ) ;
#1511 = DIRECTION ( 'NONE',  ( -0.000000000000000000, 1.000000000000000000, -0.000000000000000000 ) ) ;
#1512 = VECTOR ( 'NONE', #1746, 1000.000000000000000 ) ;
#1513 = ORIENTED_EDGE ( 'NONE', *, *, #608, .T. ) ;
#1514 = CARTESIAN_POINT ( 'NONE',  ( -35.00000000000000000, 45.50000000000000711, 30.00000000000001066 ) ) ;
#1515 = EDGE_CURVE ( 'NONE', #930, #795, #1395, .T. ) ;
#1516 = ORIENTED_EDGE ( 'NONE', *, *, #886, .T. ) ;
#1517 = VERTEX_POINT ( 'NONE', #990 ) ;
#1518 = CARTESIAN_POINT ( 'NONE',  ( 80.00000000000001421, 50.00000000000000000, -29.99999999999999645 ) ) ;
#1519 = DIRECTION ( 'NONE',  ( -0.000000000000000000, 1.000000000000000000, -0.000000000000000000 ) ) ;
#1520 = CARTESIAN_POINT ( 'NONE',  ( 100.0000000000000000, 0.000000000000000000, -49.99999999999999289 ) ) ;
#1521 = EDGE_LOOP ( 'NONE', ( #1749, #695 ) ) ;
#1522 = CARTESIAN_POINT ( 'NONE',  ( -80.00000000000001421, 44.70000000000000284, 30.00000000000000711 ) ) ;
#1523 = AXIS2_PLACEMENT_3D ( 'NONE', #1501, #1075, #659 ) ;
#1524 = VERTEX_POINT ( 'NONE', #1795 ) ;
#1525 = EDGE_LOOP ( 'NONE', ( #870, #1239, #1488, #1348 ) ) ;
#1526 = AXIS2_PLACEMENT_3D ( 'NONE', #1167, #162, #151 ) ;
#1527 = CARTESIAN_POINT ( 'NONE',  ( -90.00000000000000000, 40.00000000000000000, -36.99999999999999289 ) ) ;
#1528 = VECTOR ( 'NONE', #1610, 1000.000000000000000 ) ;
#1529 = LINE ( 'NONE', #1244, #1067 ) ;
#1530 = CARTESIAN_POINT ( 'NONE',  ( 9.999999999999994671, 0.000000000000000000, 30.00000000000001066 ) ) ;
#1531 = ORIENTED_EDGE ( 'NONE', *, *, #935, .T. ) ;
#1532 = CYLINDRICAL_SURFACE ( 'NONE', #327, 2.999999999999995559 ) ;
#1533 = ORIENTED_EDGE ( 'NONE', *, *, #782, .T. ) ;
#1534 = VECTOR ( 'NONE', #658, 1000.000000000000000 ) ;
#1535 = AXIS2_PLACEMENT_3D ( 'NONE', #133, #1690, #1698 ) ;
#1536 = DIRECTION ( 'NONE',  ( 0.000000000000000000, 0.000000000000000000, -1.000000000000000000 ) ) ;
#1537 = ADVANCED_FACE ( 'NONE', ( #117 ), #813, .T. ) ;
#1538 = CARTESIAN_POINT ( 'NONE',  ( -57.00000000000000000, 40.00000000000000000, 2.000000000000008438 ) ) ;
#1539 = AXIS2_PLACEMENT_3D ( 'NONE', #81, #642, #373 ) ;
#1540 = ORIENTED_EDGE ( 'NONE', *, *, #503, .T. ) ;
#1541 = LINE ( 'NONE', #824, #235 ) ;
#1542 = CIRCLE ( 'NONE', #745, 5.000000000000004441 ) ;
#1543 = ORIENTED_EDGE ( 'NONE', *, *, #322, .T. ) ;
#1544 = EDGE_LOOP ( 'NONE', ( #836, #1456, #1272, #1408 ) ) ;
#1545 = DIRECTION ( 'NONE',  ( -0.000000000000000000, 1.000000000000000000, -0.000000000000000000 ) ) ;
#1546 = LINE ( 'NONE', #1682, #1468 ) ;
#1547 = EDGE_CURVE ( 'NONE', #472, #1797, #1263, .T. ) ;
#1548 = ORIENTED_EDGE ( 'NONE', *, *, #229, .T. ) ;
#1549 = CARTESIAN_POINT ( 'NONE',  ( 80.00000000000001421, 50.00000000000000000, -34.49999999999998579 ) ) ;
#1550 = AXIS2_PLACEMENT_3D ( 'NONE', #943, #49, #1483 ) ;
#1551 = VERTEX_POINT ( 'NONE', #1831 ) ;
#1552 = VERTEX_POINT ( 'NONE', #417 ) ;
#1553 = CIRCLE ( 'NONE', #1171, 2.999999999999995559 ) ;
#1554 = CARTESIAN_POINT ( 'NONE',  ( -80.00000000000001421, 50.00000000000000000, 34.50000000000000000 ) ) ;
#1555 = LINE ( 'NONE', #1280, #1293 ) ;
#1556 = EDGE_LOOP ( 'NONE', ( #1648, #268, #123, #1608 ) ) ;
#1557 = CARTESIAN_POINT ( 'NONE',  ( 80.00000000000001421, 44.70000000000000284, -25.49999999999999289 ) ) ;
#1558 = EDGE_CURVE ( 'NONE', #1517, #1101, #961, .T. ) ;
#1559 = ORIENTED_EDGE ( 'NONE', *, *, #919, .T. ) ;
#1560 = ORIENTED_EDGE ( 'NONE', *, *, #829, .T. ) ;
#1561 = FACE_OUTER_BOUND ( 'NONE', #962, .T. ) ;
#1562 = CARTESIAN_POINT ( 'NONE',  ( -60.00000000000000711, 40.00000000000000000, -0.9999999999999924505 ) ) ;
#1563 = AXIS2_PLACEMENT_3D ( 'NONE', #959, #667, #1509 ) ;
#1564 = ORIENTED_EDGE ( 'NONE', *, *, #118, .F. ) ;
#1565 = CARTESIAN_POINT ( 'NONE',  ( 68.87682726358337959, 0.000000000000000000, 19.55329780704928666 ) ) ;
#1566 = AXIS2_PLACEMENT_3D ( 'NONE', #1461, #3, #1607 ) ;
#1567 = EDGE_CURVE ( 'NONE', #861, #432, #1411, .T. ) ;
#1568 = ORIENTED_EDGE ( 'NONE', *, *, #571, .F. ) ;
#1569 = ORIENTED_EDGE ( 'NONE', *, *, #1076, .F. ) ;
#1570 = VERTEX_POINT ( 'NONE', #388 ) ;
#1571 = EDGE_CURVE ( 'NONE', #1769, #83, #1200, .T. ) ;
#1572 = CARTESIAN_POINT ( 'NONE',  ( -35.00000000000000000, 40.00000000000000000, 9.000000000000007105 ) ) ;
#1573 = FACE_OUTER_BOUND ( 'NONE', #326, .T. ) ;
#1574 = PLANE ( 'NONE',  #1042 ) ;
#1575 = ORIENTED_EDGE ( 'NONE', *, *, #1437, .F. ) ;
#1576 = CARTESIAN_POINT ( 'NONE',  ( 80.00000000000001421, 0.000000000000000000, -25.50000000000000355 ) ) ;
#1577 = ADVANCED_BREP_SHAPE_REPRESENTATION ( 'machined_part', ( #766, #648 ), #464 ) ;
#1578 = EDGE_LOOP ( 'NONE', ( #109, #1260, #1810, #1296 ) ) ;
#1579 = ORIENTED_EDGE ( 'NONE', *, *, #980, .F. ) ;
#1580 = ADVANCED_FACE ( 'NONE', ( #1149 ), #601, .F. ) ;
#1581 = CIRCLE ( 'NONE', #4, 2.999999999999988898 ) ;
#1582 = DIRECTION ( 'NONE',  ( 8.659560562354947649E-17, 0.7071067811865464625, -0.7071067811865486830 ) ) ;
#1583 = DIRECTION ( 'NONE',  ( -0.000000000000000000, 1.000000000000000000, -0.000000000000000000 ) ) ;
#1584 = LINE ( 'NONE', #1418, #402 ) ;
#1585 = AXIS2_PLACEMENT_3D ( 'NONE', #591, #1017, #856 ) ;
#1586 = PLANE ( 'NONE',  #1600 ) ;
#1587 = CARTESIAN_POINT ( 'NONE',  ( 100.0000000000000000, 50.00000000000000000, -49.99999999999999289 ) ) ;
#1588 = EDGE_LOOP ( 'NONE', ( #1291, #724, #488, #568 ) ) ;
#1589 = CARTESIAN_POINT ( 'NONE',  ( -80.00000000000001421, 44.70000000000000284, 34.50000000000000711 ) ) ;
#1590 = DIRECTION ( 'NONE',  ( -0.000000000000000000, 1.000000000000000000, -0.000000000000000000 ) ) ;
#1591 = CARTESIAN_POINT ( 'NONE',  ( 75.00000000000001421, 15.00000000000000000, -15.00000000000000000 ) ) ;
#1592 = EDGE_CURVE ( 'NONE', #1806, #643, #1584, .T. ) ;
#1593 = ADVANCED_FACE ( 'NONE', ( #1573 ), #220, .F. ) ;
#1594 = DIRECTION ( 'NONE',  ( -1.196361017915039239E-16, -0.000000000000000000, -1.000000000000000000 ) ) ;
#1595 = AXIS2_PLACEMENT_3D ( 'NONE', #611, #569, #310 ) ;
#1596 = DIRECTION ( 'NONE',  ( 0.000000000000000000, -1.000000000000000000, 0.000000000000000000 ) ) ;
#1597 = CIRCLE ( 'NONE', #803, 3.000000000000000888 ) ;
#1598 = AXIS2_PLACEMENT_3D ( 'NONE', #1436, #300, #873 ) ;
#1599 = ORIENTED_EDGE ( 'NONE', *, *, #174, .F. ) ;
#1600 = AXIS2_PLACEMENT_3D ( 'NONE', #1001, #1026, #286 ) ;
#1601 = CARTESIAN_POINT ( 'NONE',  ( 100.0000000000000000, 15.00000000000000000, -15.00000000000000000 ) ) ;
#1602 = LINE ( 'NONE', #903, #730 ) ;
#1603 = LINE ( 'NONE', #1452, #806 ) ;
#1604 = CARTESIAN_POINT ( 'NONE',  ( -60.00000000000000000, 50.00000000000000000, -4.999999999999991118 ) ) ;
#1605 = EDGE_CURVE ( 'NONE', #337, #750, #1498, .T. ) ;
#1606 = ORIENTED_EDGE ( 'NONE', *, *, #197, .T. ) ;
#1607 = DIRECTION ( 'NONE',  ( 0.000000000000000000, 0.000000000000000000, 1.000000000000000000 ) ) ;
#1608 = ORIENTED_EDGE ( 'NONE', *, *, #82, .T. ) ;
#1609 = CARTESIAN_POINT ( 'NONE',  ( -35.00000000000000000, 50.00000000000000000, 30.00000000000001066 ) ) ;
#1610 = DIRECTION ( 'NONE',  ( -0.9781476007338055778, -0.000000000000000000, -0.2079116908177597034 ) ) ;
#1611 = CARTESIAN_POINT ( 'NONE',  ( -70.00000000000000000, 40.00000000000000000, -0.9999999999999917843 ) ) ;
#1612 = AXIS2_PLACEMENT_3D ( 'NONE', #1771, #932, #366 ) ;
#1613 = CYLINDRICAL_SURFACE ( 'NONE', #879, 9.005499999999999616 ) ;
#1614 = CIRCLE ( 'NONE', #192, 9.005499999999999616 ) ;
#1615 = VERTEX_POINT ( 'NONE', #142 ) ;
#1616 = CARTESIAN_POINT ( 'NONE',  ( -35.00000000000000000, 50.00000000000000000, 9.000000000000007105 ) ) ;
#1617 = AXIS2_PLACEMENT_3D ( 'NONE', #1745, #1319, #42 ) ;
#1618 = EDGE_CURVE ( 'NONE', #432, #149, #308, .T. ) ;
#1619 = ORIENTED_EDGE ( 'NONE', *, *, #1053, .F. ) ;
#1620 = CARTESIAN_POINT ( 'NONE',  ( -6.000000000000012434, 40.00000000000000000, -0.9999999999999904521 ) ) ;
#1621 = DIRECTION ( 'NONE',  ( 1.000000000000000000, -0.000000000000000000, -0.000000000000000000 ) ) ;
#1622 = FACE_OUTER_BOUND ( 'NONE', #1669, .T. ) ;
#1623 = DIRECTION ( 'NONE',  ( 0.000000000000000000, 0.000000000000000000, 1.000000000000000000 ) ) ;
#1624 = VERTEX_POINT ( 'NONE', #885 ) ;
#1625 = DIRECTION ( 'NONE',  ( -0.000000000000000000, 1.000000000000000000, -0.000000000000000000 ) ) ;
#1626 = AXIS2_PLACEMENT_3D ( 'NONE', #141, #1590, #742 ) ;
#1627 = EDGE_LOOP ( 'NONE', ( #1295, #1141 ) ) ;
#1628 = ADVANCED_FACE ( 'NONE', ( #714 ), #874, .F. ) ;
#1629 = DIRECTION ( 'NONE',  ( 0.000000000000000000, 1.000000000000000000, 0.000000000000000000 ) ) ;
#1630 = DIRECTION ( 'NONE',  ( -1.000000000000000000, 0.000000000000000000, -5.938450665555907881E-16 ) ) ;
#1631 = CARTESIAN_POINT ( 'NONE',  ( 9.999999999999994671, 50.00000000000000000, 35.50000000000000000 ) ) ;
#1632 = AXIS2_PLACEMENT_3D ( 'NONE', #939, #1487, #64 ) ;
#1633 = EDGE_CURVE ( 'NONE', #196, #1101, #734, .T. ) ;
#1634 = CARTESIAN_POINT ( 'NONE',  ( -87.00000000000002842, 40.00000000000000000, -36.99999999999999289 ) ) ;
#1635 = PRODUCT ( 'machined_part', 'machined_part', '', ( #513 ) ) ;
#1636 = VERTEX_POINT ( 'NONE', #284 ) ;
#1637 = CARTESIAN_POINT ( 'NONE',  ( -57.00000000000000000, 50.00000000000000000, 2.000000000000008438 ) ) ;
#1638 = EDGE_LOOP ( 'NONE', ( #845, #1097 ) ) ;
#1639 = DIRECTION ( 'NONE',  ( 0.000000000000000000, 0.000000000000000000, 1.000000000000000000 ) ) ;
#1640 = CARTESIAN_POINT ( 'NONE',  ( 100.0000000000000000, 15.00000000000000000, -15.00000000000000000 ) ) ;
#1641 = LINE ( 'NONE', #494, #1196 ) ;
#1642 = ADVANCED_FACE ( 'NONE', ( #1709 ), #1139, .F. ) ;
#1643 = ADVANCED_FACE ( 'NONE', ( #1159 ), #580, .F. ) ;
#1644 = AXIS2_PLACEMENT_3D ( 'NONE', #1620, #1473, #349 ) ;
#1645 = CARTESIAN_POINT ( 'NONE',  ( -51.24772347214614854, 50.00000000000000000, -39.99999999999999289 ) ) ;
#1646 = EDGE_LOOP ( 'NONE', ( #857, #5 ) ) ;
#1647 = DIRECTION ( 'NONE',  ( -0.000000000000000000, 0.000000000000000000, 1.000000000000000000 ) ) ;
#1648 = ORIENTED_EDGE ( 'NONE', *, *, #1633, .T. ) ;
#1649 = AXIS2_PLACEMENT_3D ( 'NONE', #1043, #1060, #765 ) ;
#1650 = DIRECTION ( 'NONE',  ( 1.734723475976807094E-15, 0.000000000000000000, 1.000000000000000000 ) ) ;
#1651 = DIRECTION ( 'NONE',  ( 0.000000000000000000, 1.000000000000000000, 0.000000000000000000 ) ) ;
#1652 = CARTESIAN_POINT ( 'NONE',  ( 9.999999999999994671, 50.00000000000000000, 30.00000000000001066 ) ) ;
#1653 = CARTESIAN_POINT ( 'NONE',  ( -35.00000000000000000, 40.00000000000000000, 5.000000000000008882 ) ) ;
#1654 = ADVANCED_FACE ( 'NONE', ( #1271, #1728, #1446, #423, #570, #431 ), #170, .F. ) ;
#1655 = EDGE_CURVE ( 'NONE', #132, #1636, #428, .T. ) ;
#1656 = ORIENTED_EDGE ( 'NONE', *, *, #758, .T. ) ;
#1657 = CARTESIAN_POINT ( 'NONE',  ( -80.00000000000001421, 44.70000000000000284, 30.00000000000000711 ) ) ;
#1658 = ORIENTED_EDGE ( 'NONE', *, *, #1700, .T. ) ;
#1659 = ORIENTED_EDGE ( 'NONE', *, *, #516, .F. ) ;
#1660 =( LENGTH_UNIT ( ) NAMED_UNIT ( * ) SI_UNIT ( .MILLI., .METRE. ) );
#1661 = CYLINDRICAL_SURFACE ( 'NONE', #649, 3.000000000000001332 ) ;
#1662 = DIRECTION ( 'NONE',  ( 0.000000000000000000, 0.000000000000000000, 1.000000000000000000 ) ) ;
#1663 = VECTOR ( 'NONE', #364, 1000.000000000000000 ) ;
#1664 = DIRECTION ( 'NONE',  ( -0.000000000000000000, 1.000000000000000000, -0.000000000000000000 ) ) ;
#1665 = ORIENTED_EDGE ( 'NONE', *, *, #1266, .T. ) ;
#1666 = EDGE_CURVE ( 'NONE', #1551, #928, #520, .T. ) ;
#1667 = CARTESIAN_POINT ( 'NONE',  ( -90.00000000000001421, 40.00000000000000000, -0.9999999999999924505 ) ) ;
#1668 = ORIENTED_EDGE ( 'NONE', *, *, #1592, .F. ) ;
#1669 = EDGE_LOOP ( 'NONE', ( #307, #363, #1443, #549 ) ) ;
#1670 = CARTESIAN_POINT ( 'NONE',  ( -3.000000000000016431, 40.00000000000000000, -29.99999999999999645 ) ) ;
#1671 = CARTESIAN_POINT ( 'NONE',  ( -70.00000000000000000, 40.00000000000000000, -4.999999999999989342 ) ) ;
#1672 = CARTESIAN_POINT ( 'NONE',  ( -45.00000000000000711, 40.00000000000000000, 5.000000000000007994 ) ) ;
#1673 = LINE ( 'NONE', #1087, #342 ) ;
#1674 = VERTEX_POINT ( 'NONE', #1699 ) ;
#1675 = DIRECTION ( 'NONE',  ( 0.000000000000000000, 0.000000000000000000, 1.000000000000000000 ) ) ;
#1676 = VECTOR ( 'NONE', #1751, 1000.000000000000000 ) ;
#1677 = EDGE_CURVE ( 'NONE', #655, #1570, #1555, .T. ) ;
#1678 = ORIENTED_EDGE ( 'NONE', *, *, #915, .T. ) ;
#1679 = AXIS2_PLACEMENT_3D ( 'NONE', #1691, #951, #1245 ) ;
#1680 =( NAMED_UNIT ( * ) SI_UNIT ( $, .STERADIAN. ) SOLID_ANGLE_UNIT ( ) );
#1681 = DIRECTION ( 'NONE',  ( -0.000000000000000000, -1.000000000000000000, -0.000000000000000000 ) ) ;
#1682 = CARTESIAN_POINT ( 'NONE',  ( -90.00000000000001421, 40.00000000000000000, -0.9999999999999924505 ) ) ;
#1683 = ORIENTED_EDGE ( 'NONE', *, *, #1836, .T. ) ;
#1684 = LINE ( 'NONE', #555, #1306 ) ;
#1685 = EDGE_LOOP ( 'NONE', ( #1338, #1731, #540, #1844 ) ) ;
#1686 = DIRECTION ( 'NONE',  ( 0.000000000000000000, 0.000000000000000000, 1.000000000000000000 ) ) ;
#1687 = VERTEX_POINT ( 'NONE', #1562 ) ;
#1688 = ADVANCED_FACE ( 'NONE', ( #1428 ), #754, .F. ) ;
#1689 = VECTOR ( 'NONE', #264, 1000.000000000000000 ) ;
#1690 = DIRECTION ( 'NONE',  ( 0.000000000000000000, -1.000000000000000000, 0.000000000000000000 ) ) ;
#1691 = CARTESIAN_POINT ( 'NONE',  ( -87.00000000000002842, 40.00000000000000000, 2.000000000000008438 ) ) ;
#1692 = ADVANCED_FACE ( 'NONE', ( #1178 ), #612, .F. ) ;
#1693 = AXIS2_PLACEMENT_3D ( 'NONE', #150, #1735, #864 ) ;
#1694 = ORIENTED_EDGE ( 'NONE', *, *, #25, .T. ) ;
#1695 = DIRECTION ( 'NONE',  ( 0.5150380749100558209, 1.049727191138617463E-16, 0.8571673007021113344 ) ) ;
#1696 = ORIENTED_EDGE ( 'NONE', *, *, #1173, .F. ) ;
#1697 = ORIENTED_EDGE ( 'NONE', *, *, #1117, .F. ) ;
#1698 = DIRECTION ( 'NONE',  ( 0.000000000000000000, 0.000000000000000000, -1.000000000000000000 ) ) ;
#1699 = CARTESIAN_POINT ( 'NONE',  ( 9.999999999999994671, 50.00000000000000000, 40.00000000000000711 ) ) ;
#1700 = EDGE_CURVE ( 'NONE', #826, #1741, #367, .T. ) ;
#1701 = EDGE_LOOP ( 'NONE', ( #1725, #374, #1281, #317 ) ) ;
#1702 = PLANE ( 'NONE',  #1276 ) ;
#1703 = VECTOR ( 'NONE', #1489, 1000.000000000000000 ) ;
#1704 = ORIENTED_EDGE ( 'NONE', *, *, #1515, .F. ) ;
#1705 = VERTEX_POINT ( 'NONE', #1474 ) ;
#1706 = AXIS2_PLACEMENT_3D ( 'NONE', #1530, #1511, #1815 ) ;
#1707 = DIRECTION ( 'NONE',  ( -1.000000000000000000, 0.000000000000000000, 0.000000000000000000 ) ) ;
#1708 = AXIS2_PLACEMENT_3D ( 'NONE', #1640, #1621, #1327 ) ;
#1709 = FACE_OUTER_BOUND ( 'NONE', #1525, .T. ) ;
#1710 = ORIENTED_EDGE ( 'NONE', *, *, #313, .F. ) ;
#1711 = FACE_OUTER_BOUND ( 'NONE', #1180, .T. ) ;
#1712 = ADVANCED_FACE ( 'NONE', ( #340 ), #493, .F. ) ;
#1713 = FACE_OUTER_BOUND ( 'NONE', #529, .T. ) ;
#1714 = EDGE_LOOP ( 'NONE', ( #1106, #1426, #1779, #249 ) ) ;
#1715 = EDGE_LOOP ( 'NONE', ( #831, #288 ) ) ;
#1716 = CARTESIAN_POINT ( 'NONE',  ( -45.00000000000000711, 40.00000000000000000, 5.000000000000007994 ) ) ;
#1717 = DIRECTION ( 'NONE',  ( 0.000000000000000000, 0.000000000000000000, -1.000000000000000000 ) ) ;
#1718 = DIRECTION ( 'NONE',  ( 0.000000000000000000, 0.000000000000000000, 1.000000000000000000 ) ) ;
#1719 = AXIS2_PLACEMENT_3D ( 'NONE', #1121, #1545, #1662 ) ;
#1720 = CYLINDRICAL_SURFACE ( 'NONE', #26, 4.999999999999997335 ) ;
#1721 = EDGE_CURVE ( 'NONE', #1687, #930, #881, .T. ) ;
#1722 = CIRCLE ( 'NONE', #500, 4.999999999999997335 ) ;
#1723 = CARTESIAN_POINT ( 'NONE',  ( -87.00000000000002842, 40.00000000000000000, -39.99999999999999289 ) ) ;
#1724 = VERTEX_POINT ( 'NONE', #646 ) ;
#1725 = ORIENTED_EDGE ( 'NONE', *, *, #1605, .F. ) ;
#1726 = ORIENTED_EDGE ( 'NONE', *, *, #1162, .T. ) ;
#1727 = CARTESIAN_POINT ( 'NONE',  ( -40.00000000000000711, 40.00000000000000000, 9.000000000000007105 ) ) ;
#1728 = FACE_BOUND ( 'NONE', #809, .T. ) ;
#1729 = FACE_OUTER_BOUND ( 'NONE', #1685, .T. ) ;
#1730 = SURFACE_STYLE_USAGE ( .BOTH. , #907 ) ;
#1731 = ORIENTED_EDGE ( 'NONE', *, *, #1120, .F. ) ;
#1732 = EDGE_CURVE ( 'NONE', #132, #425, #1500, .T. ) ;
#1733 = EDGE_CURVE ( 'NONE', #1624, #1724, #250, .T. ) ;
#1734 = CARTESIAN_POINT ( 'NONE',  ( -75.50000000000001421, 44.70000000000000284, 30.00000000000000711 ) ) ;
#1735 = DIRECTION ( 'NONE',  ( -0.000000000000000000, 1.000000000000000000, -0.000000000000000000 ) ) ;
#1736 = CARTESIAN_POINT ( 'NONE',  ( 75.00000000000001421, 15.00000000000000000, -15.00000000000000000 ) ) ;
#1737 = LINE ( 'NONE', #1300, #386 ) ;
#1738 = VERTEX_POINT ( 'NONE', #1074 ) ;
#1739 = DIRECTION ( 'NONE',  ( 0.000000000000000000, 0.000000000000000000, 1.000000000000000000 ) ) ;
#1740 = EDGE_LOOP ( 'NONE', ( #1606, #778, #1133, #354 ) ) ;
#1741 = VERTEX_POINT ( 'NONE', #1317 ) ;
#1742 = CARTESIAN_POINT ( 'NONE',  ( -35.00000000000000000, 50.00000000000000000, 30.00000000000001066 ) ) ;
#1743 = DIRECTION ( 'NONE',  ( 0.000000000000000000, 0.000000000000000000, 1.000000000000000000 ) ) ;
#1744 = EDGE_CURVE ( 'NONE', #445, #1524, #216, .T. ) ;
#1745 = CARTESIAN_POINT ( 'NONE',  ( 80.00000000000001421, 50.00000000000000000, -29.99999999999999645 ) ) ;
#1746 = DIRECTION ( 'NONE',  ( 1.000000000000000000, 0.000000000000000000, 0.000000000000000000 ) ) ;
#1747 = FILL_AREA_STYLE ('',( #462 ) ) ;
#1748 = AXIS2_PLACEMENT_3D ( 'NONE', #465, #741, #159 ) ;
#1749 = ORIENTED_EDGE ( 'NONE', *, *, #507, .T. ) ;
#1750 = VECTOR ( 'NONE', #755, 1000.000000000000000 ) ;
#1751 = DIRECTION ( 'NONE',  ( 1.000000000000000000, 0.000000000000000000, 0.000000000000000000 ) ) ;
#1752 = DIRECTION ( 'NONE',  ( -0.000000000000000000, 1.000000000000000000, -0.000000000000000000 ) ) ;
#1753 = PLANE ( 'NONE',  #1523 ) ;
#1754 = DIRECTION ( 'NONE',  ( -0.000000000000000000, -1.000000000000000000, -0.000000000000000000 ) ) ;
#1755 = ADVANCED_FACE ( 'NONE', ( #199 ), #1211, .T. ) ;
#1756 = ORIENTED_EDGE ( 'NONE', *, *, #748, .T. ) ;
#1757 = FACE_OUTER_BOUND ( 'NONE', #946, .T. ) ;
#1758 = ORIENTED_EDGE ( 'NONE', *, *, #1547, .T. ) ;
#1759 = DIRECTION ( 'NONE',  ( -0.000000000000000000, 1.000000000000000000, -0.000000000000000000 ) ) ;
#1760 = DIRECTION ( 'NONE',  ( 1.000000000000000000, 0.000000000000000000, 0.000000000000000000 ) ) ;
#1761 = DIRECTION ( 'NONE',  ( 0.000000000000000000, 0.000000000000000000, 1.000000000000000000 ) ) ;
#1762 = VECTOR ( 'NONE', #475, 1000.000000000000000 ) ;
#1763 = DIRECTION ( 'NONE',  ( 0.000000000000000000, 1.000000000000000000, 0.000000000000000000 ) ) ;
#1764 = CIRCLE ( 'NONE', #1321, 2.999999999999995559 ) ;
#1765 = VERTEX_POINT ( 'NONE', #1039 ) ;
#1766 = EDGE_CURVE ( 'NONE', #425, #1129, #673, .T. ) ;
#1767 = CARTESIAN_POINT ( 'NONE',  ( -57.00000000000000000, 40.00000000000000000, 2.000000000000008438 ) ) ;
#1768 = AXIS2_PLACEMENT_3D ( 'NONE', #744, #1309, #32 ) ;
#1769 = VERTEX_POINT ( 'NONE', #58 ) ;
#1770 = EDGE_CURVE ( 'NONE', #1008, #1361, #913, .T. ) ;
#1771 = CARTESIAN_POINT ( 'NONE',  ( -100.0000000000000000, 50.00000000000000000, -49.99999999999999289 ) ) ;
#1772 = DIRECTION ( 'NONE',  ( -0.000000000000000000, -1.000000000000000000, -0.000000000000000000 ) ) ;
#1773 = CARTESIAN_POINT ( 'NONE',  ( -57.00000000000000000, 50.00000000000000000, -0.9999999999999917843 ) ) ;
#1774 = CARTESIAN_POINT ( 'NONE',  ( -87.00000000000002842, 40.00000000000000000, -39.99999999999999289 ) ) ;
#1775 = VERTEX_POINT ( 'NONE', #359 ) ;
#1776 = DIRECTION ( 'NONE',  ( -3.854941057726238097E-16, 0.000000000000000000, 1.000000000000000000 ) ) ;
#1777 = AXIS2_PLACEMENT_3D ( 'NONE', #439, #41, #457 ) ;
#1778 = ADVANCED_FACE ( 'NONE', ( #48 ), #1193, .T. ) ;
#1779 = ORIENTED_EDGE ( 'NONE', *, *, #1268, .F. ) ;
#1780 = CIRCLE ( 'NONE', #558, 4.249999999999996447 ) ;
#1781 = EDGE_CURVE ( 'NONE', #282, #537, #1143, .T. ) ;
#1782 = VECTOR ( 'NONE', #1717, 1000.000000000000000 ) ;
#1783 = CARTESIAN_POINT ( 'NONE',  ( -18.30842236665626643, 50.00000000000000000, -33.06555719779858293 ) ) ;
#1784 = CARTESIAN_POINT ( 'NONE',  ( -65.00000000000000000, 40.00000000000000000, -4.999999999999990230 ) ) ;
#1785 = DIRECTION ( 'NONE',  ( 0.000000000000000000, 0.000000000000000000, 1.000000000000000000 ) ) ;
#1786 = VECTOR ( 'NONE', #1150, 1000.000000000000000 ) ;
#1787 = DIRECTION ( 'NONE',  ( 0.000000000000000000, 0.000000000000000000, 1.000000000000000000 ) ) ;
#1788 = ORIENTED_EDGE ( 'NONE', *, *, #669, .T. ) ;
#1789 = DIRECTION ( 'NONE',  ( 8.659560562354943952E-17, 0.7071067811865465735, -0.7071067811865484609 ) ) ;
#1790 = ORIENTED_EDGE ( 'NONE', *, *, #843, .F. ) ;
#1791 = CARTESIAN_POINT ( 'NONE',  ( -6.000000000000012434, 50.00000000000000000, -0.9999999999999904521 ) ) ;
#1792 = CARTESIAN_POINT ( 'NONE',  ( -70.00000000000000000, 40.00000000000000000, -4.999999999999989342 ) ) ;
#1793 = EDGE_CURVE ( 'NONE', #1835, #491, #1602, .T. ) ;
#1794 = CIRCLE ( 'NONE', #846, 5.499999999999994671 ) ;
#1795 = CARTESIAN_POINT ( 'NONE',  ( -50.62398839969287678, 40.00000000000000000, -39.93444280220141707 ) ) ;
#1796 = EDGE_CURVE ( 'NONE', #111, #446, #972, .T. ) ;
#1797 = VERTEX_POINT ( 'NONE', #207 ) ;
#1798 = CARTESIAN_POINT ( 'NONE',  ( -35.00000000000000000, 45.50000000000000711, 24.50000000000001776 ) ) ;
#1799 = VECTOR ( 'NONE', #661, 1000.000000000000000 ) ;
#1800 = ORIENTED_EDGE ( 'NONE', *, *, #1266, .F. ) ;
#1801 = AXIS2_PLACEMENT_3D ( 'NONE', #1132, #1458, #1438 ) ;
#1802 = CARTESIAN_POINT ( 'NONE',  ( -87.00000000000002842, 40.00000000000000000, -0.9999999999999917843 ) ) ;
#1803 = DIRECTION ( 'NONE',  ( -3.854941057726238097E-16, 0.000000000000000000, 1.000000000000000000 ) ) ;
#1804 = DIRECTION ( 'NONE',  ( -0.000000000000000000, 1.000000000000000000, -0.000000000000000000 ) ) ;
#1805 = DIRECTION ( 'NONE',  ( -0.000000000000000000, 1.000000000000000000, -0.000000000000000000 ) ) ;
#1806 = VERTEX_POINT ( 'NONE', #933 ) ;
#1807 = DIRECTION ( 'NONE',  ( 0.000000000000000000, -0.000000000000000000, 1.000000000000000000 ) ) ;
#1808 = VERTEX_POINT ( 'NONE', #1342 ) ;
#1809 = VECTOR ( 'NONE', #1821, 1000.000000000000000 ) ;
#1810 = ORIENTED_EDGE ( 'NONE', *, *, #991, .F. ) ;
#1811 = DIRECTION ( 'NONE',  ( 1.000000000000000000, 0.000000000000000000, 0.000000000000000000 ) ) ;
#1812 = DIRECTION ( 'NONE',  ( 0.000000000000000000, 1.000000000000000000, 0.000000000000000000 ) ) ;
#1813 = DIRECTION ( 'NONE',  ( -0.000000000000000000, 1.000000000000000000, -0.000000000000000000 ) ) ;
#1814 = AXIS2_PLACEMENT_3D ( 'NONE', #154, #1322, #1739 ) ;
#1815 = DIRECTION ( 'NONE',  ( 0.000000000000000000, 0.000000000000000000, 1.000000000000000000 ) ) ;
#1816 = VERTEX_POINT ( 'NONE', #67 ) ;
#1817 = CARTESIAN_POINT ( 'NONE',  ( -100.0000000000000000, 0.000000000000000000, -49.99999999999999289 ) ) ;
#1818 = EDGE_CURVE ( 'NONE', #1315, #1797, #635, .T. ) ;
#1819 = ORIENTED_EDGE ( 'NONE', *, *, #721, .T. ) ;
#1820 = EDGE_LOOP ( 'NONE', ( #1191, #1312, #676, #918 ) ) ;
#1821 = DIRECTION ( 'NONE',  ( -0.000000000000000000, 1.000000000000000000, -0.000000000000000000 ) ) ;
#1822 = FACE_OUTER_BOUND ( 'NONE', #1820, .T. ) ;
#1823 = EDGE_LOOP ( 'NONE', ( #981, #1036, #29, #1756 ) ) ;
#1824 = DIRECTION ( 'NONE',  ( -0.000000000000000000, 1.000000000000000000, -0.000000000000000000 ) ) ;
#1825 = EDGE_CURVE ( 'NONE', #1412, #412, #790, .T. ) ;
#1826 = ORIENTED_EDGE ( 'NONE', *, *, #908, .F. ) ;
#1827 = VECTOR ( 'NONE', #1235, 1000.000000000000000 ) ;
#1828 = ORIENTED_EDGE ( 'NONE', *, *, #50, .F. ) ;
#1829 = EDGE_CURVE ( 'NONE', #861, #844, #1323, .T. ) ;
#1830 = DIRECTION ( 'NONE',  ( -1.734723475976807094E-15, 0.000000000000000000, 1.000000000000000000 ) ) ;
#1831 = CARTESIAN_POINT ( 'NONE',  ( -35.00000000000000000, 45.50000000000000711, 35.50000000000000711 ) ) ;
#1832 = ORIENTED_EDGE ( 'NONE', *, *, #1187, .T. ) ;
#1833 = DIRECTION ( 'NONE',  ( 0.000000000000000000, 0.000000000000000000, 1.000000000000000000 ) ) ;
#1834 = VERTEX_POINT ( 'NONE', #86 ) ;
#1835 = VERTEX_POINT ( 'NONE', #1670 ) ;
#1836 = EDGE_CURVE ( 'NONE', #1423, #664, #688, .T. ) ;
#1837 = AXIS2_PLACEMENT_3D ( 'NONE', #1024, #1166, #590 ) ;
#1838 = DIRECTION ( 'NONE',  ( -0.000000000000000000, -1.000000000000000000, -0.000000000000000000 ) ) ;
#1839 = DIRECTION ( 'NONE',  ( 0.000000000000000000, 0.000000000000000000, 1.000000000000000000 ) ) ;
#1840 = CIRCLE ( 'NONE', #1693, 3.000000000000001332 ) ;
#1841 = ORIENTED_EDGE ( 'NONE', *, *, #381, .F. ) ;
#1842 = DIRECTION ( 'NONE',  ( 0.000000000000000000, 1.000000000000000000, 0.000000000000000000 ) ) ;
#1843 = CIRCLE ( 'NONE', #145, 3.000000000000000888 ) ;
#1844 = ORIENTED_EDGE ( 'NONE', *, *, #1770, .T. ) ;
#1845 = EDGE_LOOP ( 'NONE', ( #1052, #1548, #180, #418 ) ) ;
#1846 = DIRECTION ( 'NONE',  ( 0.000000000000000000, 0.000000000000000000, 1.000000000000000000 ) ) ;
#1847 = ADVANCED_FACE ( 'NONE', ( #95 ), #584, .F. ) ;
#1848 = CARTESIAN_POINT ( 'NONE',  ( -17.68468729420298757, 50.00000000000000000, -32.99999999999999289 ) ) ;
ENDSEC;
END-ISO-10303-21;
